,flag_forest500,forest500_total_score,permid
0,,,8589934296
1,,,4295859071
2,,,4295857388
3,1.0,28.475,5083687566
4,,,4296075611
5,,,4295856631
6,,,4295856963
7,,,4295857695
8,,,4295856855
9,,,4295857514
10,,,5066577142
11,,,4295857116
12,,,4295857172
13,,,4295857423
14,,,4296631426
15,,,4295856807
16,,,4295858622
17,,,4295858616
18,,,4295856734
19,,,4295856238
20,,,4295858070
21,,,5043128493
22,,,4295857466
23,,,5000042116
24,,,4295856965
25,,,4295856256
26,,,5035081624
27,,,5047641624
28,,,4295857467
29,,,5037652522
30,,,4295857398
31,,,4298537832
32,,,4295859313
33,,,4295859236
34,,,5000062813
35,,,4295859347
36,,,4295859517
37,,,4295912518
38,,,5000033016
39,,,4295911983
40,,,4298355786
41,,,4298068046
42,1.0,19.233,4295859896
43,,,5038060075
44,,,4295860047
45,,,4295859955
46,,,4296394222
47,,,4295860016
48,,,4295860312
49,,,5044510870
50,,,4297927148
51,,,4295859847
52,,,5069412925
53,,,4295860134
54,,,5001310980
55,,,4295859895
56,1.0,72.5,4295860372
57,,,5000199270
58,,,4295860267
59,,,4295859975
60,,,4295859789
61,,,5087096947
62,,,4295863289
63,,,4295860591
64,,,5071533245
65,,,5073777894
66,,,4295860622
67,,,4295861259
68,,,4295860405
69,,,4295862641
70,,,4295861824
71,,,5037849099
72,,,5037087415
73,,,4295861298
74,,,4295862177
75,,,5046039803
76,,,4295861818
77,,,4295863147
78,,,5059040572
79,,,4295860615
80,,,5046709166
81,,,4295862164
82,,,5067495779
83,,,4295862990
84,,,4295862452
85,,,4295860619
86,,,5000000011
87,1.0,3.008,4295862758
88,,,4295860645
89,,,4295862531
90,,,5059998878
91,,,4295862149
92,,,5064654401
93,1.0,1.0,4295860768
94,,,4295861397
95,,,4295862027
96,1.0,20.25,5043951565
97,,,4295861153
98,,,4295860741
99,,,5001433891
100,1.0,2.5,4295861241
101,,,4295861718
102,,,5035151221
103,,,4295861160
104,,,4295861389
105,,,5040932239
106,,,5050998097
107,,,5081177311
108,,,4295862991
109,,,4295890694
110,,,4295890615
111,1.0,45.281,4295890660
112,,,4295890655
113,,,4295890924
114,,,4295890628
115,,,4295890594
116,,,4295890511
117,,,4295890743
118,,,4295890627
119,,,4295890764
120,,,4295890673
121,,,4295890944
122,,,4295890779
123,,,5000073739
124,,,4295890631
125,,,4295890664
126,,,4295890536
127,,,4295890739
128,1.0,,4295890634
129,,,5000709065
130,,,4295901889
131,,,4295913863
132,,,5001738799
133,,,5036198012
134,,,5036383104
135,,,4295890532
136,1.0,23.987,5043337560
137,,,5050658104
138,,,4295890584
139,,,4295890966
140,,,5000059118
141,,,5083481739
142,,,4295890647
143,1.0,10.2,4295863527
144,,,4295863334
145,,,5050705971
146,,,4295863540
147,,,4295863439
148,,,4295863513
149,,,4295863358
150,,,4295863430
151,,,4295865713
152,,,4295865759
153,,,4295865863
154,,,4297301555
155,1.0,45.456,4295869482
156,,,4295870093
157,,,4295869983
158,,,5001439044
159,,,4295869203
160,,,5050710924
161,,,5000010681
162,,,4295870111
163,,,4295868979
164,,,4295869315
165,1.0,12.044,4295870171
166,,,4295868986
167,,,5046707762
168,,,5059963032
169,,,5063761614
170,,,5057957727
171,,,4295869167
172,,,5038054895
173,,,4296750143
174,,,5043464296
175,,,4295866057
176,,,4295865965
177,,,4295866092
178,,,5001189472
179,,,4295866111
180,,,4295865868
181,,,4295866001
182,,,5044623340
183,,,5000724903
184,,,4295889577
185,1.0,16.523,8589934205
186,,,4295889287
187,,,4295889572
188,1.0,18.2,4295889432
189,,,4295889547
190,,,4295889513
191,,,4295866517
192,,,4295866556
193,,,5000040066
194,,,4295866401
195,,,4295866566
196,1.0,29.998,5060588378
197,,,4295868250
198,1.0,,8589934312
199,,,4295866721
200,,,4295868440
201,,,4295867087
202,1.0,29.75,4295866751
203,1.0,,4295867384
204,,,4295866829
205,,,4295867226
206,,,4295867940
207,,,4295866614
208,,,4295867261
209,,,4295866885
210,,,4295866923
211,,,4295866940
212,,,4295867473
213,1.0,20.417,4295867362
214,,,4298431423
215,,,4295867220
216,,,4295867188
217,,,4295867230
218,,,4295866610
219,,,4295868416
220,,,5000034874
221,,,4295867415
222,,,4295867555
223,,,4295866806
224,,,4295868520
225,,,4295868617
226,,,4295868297
227,,,5000759495
228,,,4296992313
229,,,5000073706
230,,,4296496298
231,,,5037433929
232,,,4295867357
233,,,4295867367
234,,,4295898060
235,,,4295894951
236,,,4295894791
237,1.0,34.108,8589934275
238,1.0,22.469,4295894968
239,,,4295894824
240,,,4295898928
241,,,4295894483
242,,,4295895197
243,,,4295894341
244,,,4295895409
245,,,4295896316
246,,,4295897734
247,,,4295895761
248,1.0,39.357,4295895853
249,1.0,44.739,4295895145
250,,,4295897802
251,,,4295894725
252,,,4295894970
253,,,4295894497
254,,,4295897408
255,1.0,63.964,4295894770
256,,,4295896619
257,,,4295894799
258,,,4295894303
259,,,4295895196
260,,,4295895807
261,1.0,28.625,4295894769
262,,,5000039682
263,,,4295895174
264,,,5033562382
265,,,4295898763
266,,,4295895403
267,,,5046625212
268,1.0,20.653,4295897744
269,,,4295894762
270,,,5021764927
271,,,5080166826
272,1.0,40.525,4295895258
273,,,4295893899
274,,,4295894669
275,,,5044095778
276,,,5081488120
277,1.0,32.2,4295895781
278,1.0,58.5,4295895179
279,,,5045390794
280,,,4295895028
281,,,4295870369
282,,,4295870479
283,,,4295870482
284,,,8589934297
285,,,4295870463
286,,,4295870773
287,,,4295870585
288,,,4295872091
289,,,4295872083
290,,,4295874561
291,1.0,17.586,4295874338
292,,,4295874388
293,1.0,10.176,4295874492
294,,,4295874596
295,1.0,16.167,4295874754
296,,,5000715289
297,1.0,9.078,4295874766
298,,,4295874370
299,,,4298130680
300,,,4298117011
301,,,4295874502
302,,,5045048842
303,,,4295874865
304,,,4295874927
305,,,4295874828
306,,,4295874981
307,,,4295903017
308,,,4297329846
309,,,5037629126
310,,,5056415510
311,,,4295899509
312,,,5059082241
313,,,5040047599
314,,,5000668795
315,,,5080057609
316,,,5073798739
317,,,5040925358
318,,,5043331632
319,,,4295873661
320,,,4295872682
321,,,5000608755
322,,,4295873051
323,,,5000835277
324,,,4295872847
325,,,4295872929
326,,,4295873625
327,1.0,3.0,4295873232
328,,,4295873594
329,,,4295872971
330,,,4295873244
331,,,4295872683
332,1.0,2.0,4295873809
333,,,4295873048
334,,,5079547017
335,,,4295873558
336,,,4295872420
337,,,4295872868
338,1.0,0.0,4295873612
339,,,4295872671
340,,,4295873358
341,,,4295873522
342,,,4295873072
343,,,4295872567
344,,,5000057319
345,,,4295872666
346,,,4295873645
347,,,4295873151
348,,,5039727858
349,,,4295873581
350,,,4297831382
351,,,4296029025
352,,,4295872261
353,1.0,4.293,4295872395
354,,,4295873131
355,,,4295873230
356,,,4295873541
357,,,4295872955
358,,,4295873286
359,,,4295872608
360,,,4295872857
361,,,4295873497
362,,,5044314714
363,,,4295873315
364,,,4295872463
365,,,5048228147
366,,,4295873022
367,,,4295872481
368,,,4298355438
369,,,4295872905
370,,,4295872495
371,,,4295872442
372,,,4295872706
373,,,4295873970
374,1.0,13.083,4297771460
375,,,4295872275
376,,,4295873396
377,,,5046390743
378,,,4295872801
379,,,4296345744
380,,,4295872797
381,,,4298361764
382,,,4295873450
383,,,4295872223
384,,,4295873455
385,,,4295874136
386,,,4295872667
387,,,4295873624
388,,,4297019576
389,,,4295873383
390,,,4295873204
391,,,5000846144
392,,,4295873703
393,,,4298490816
394,,,4295873290
395,,,4295994245
396,,,4297996629
397,,,4295873248
398,,,4295874156
399,,,4295873600
400,,,4295872981
401,,,5000065770
402,,,4298008737
403,,,4298491642
404,,,5036184241
405,,,4295875714
406,,,4295875731
407,,,5000042928
408,,,4295875798
409,,,4295875832
410,,,4295875399
411,,,4295875484
412,,,4295875844
413,,,4296974975
414,,,5045517782
415,1.0,6.928,4295875726
416,,,5035155584
417,,,5037958512
418,,,5064691048
419,,,5068481270
420,,,4295878407
421,,,4295878402
422,,,4295878450
423,1.0,17.405,5046662606
424,,,4295876559
425,,,4295880380
426,1.0,30.425,4295877401
427,,,4295878485
428,,,5040060532
429,,,4295880516
430,,,4295876894
431,,,5000060796
432,,,4295878790
433,,,4295880332
434,,,5000663094
435,,,4295878674
436,,,4298007773
437,,,4295880166
438,,,5000073379
439,,,4295880610
440,,,4295877869
441,,,4295877874
442,,,4295877273
443,,,4295876936
444,,,4295880530
445,,,4295880697
446,,,4295880528
447,,,4298069335
448,1.0,3.857,4295877156
449,,,4295877413
450,,,4295876913
451,,,4295877429
452,,,5000002397
453,,,4295880544
454,,,4295877395
455,,,4295877744
456,,,4295876890
457,,,4295875973
458,,,5047749911
459,,,4295880440
460,,,5000448124
461,,,4295876951
462,,,4295877089
463,,,5082913340
464,1.0,21.95,4295877428
465,,,4295880695
466,,,4295876953
467,,,4295876646
468,,,4295880698
469,1.0,12.55,4295880522
470,,,4295875926
471,,,4295876130
472,,,4295877430
473,,,5000000997
474,,,4295880690
475,,,4295879777
476,,,4295877392
477,1.0,15.167,4295879828
478,,,4295877928
479,1.0,15.778,4295880490
480,,,4295880494
481,,,4295880812
482,,,4295876961
483,,,4295880344
484,,,4295876100
485,,,4295880577
486,,,4295877659
487,,,4295878091
488,,,4295878431
489,1.0,7.926,4295880501
490,1.0,22.833,4295876861
491,,,4295880487
492,,,4295876884
493,,,4295880504
494,,,4295876960
495,,,5000001896
496,,,4295877478
497,,,4295878523
498,,,4295880644
499,,,4295876950
500,,,4295877505
501,,,4295875908
502,,,4295877420
503,,,4295880696
504,,,4295878807
505,,,4295878265
506,,,4295877182
507,,,4295877859
508,,,4295876922
509,,,4295877240
510,,,4295878899
511,,,4295880559
512,,,4295879813
513,,,4295877357
514,,,4295876533
515,,,4295880685
516,,,4295880671
517,,,4295878856
518,,,5000022643
519,1.0,0.5,4295877096
520,,,4295876067
521,,,4298187707
522,,,8589934237
523,,,4295878436
524,,,4295880820
525,,,4295877178
526,,,4295877616
527,,,5000001016
528,,,4295877332
529,,,4295877325
530,,,4295878511
531,1.0,15.75,4295877191
532,,,4295877366
533,,,4295877398
534,,,4295877355
535,,,4295880496
536,,,4295880562
537,,,4296320095
538,,,5000058303
539,,,4295876948
540,,,4295877797
541,,,4295877318
542,,,4295877485
543,1.0,16.514,4295880543
544,,,4295879814
545,1.0,26.493,4295878505
546,,,4295880607
547,1.0,38.295,4295878766
548,1.0,23.01,4295878477
549,,,4295880542
550,1.0,17.225,4295880570
551,,,4295880549
552,1.0,26.814,5000000933
553,1.0,28.083,4295878046
554,,,4295878784
555,,,4295878534
556,,,4295878040
557,,,4295876965
558,,,4295877223
559,,,4295878909
560,,,4297836741
561,1.0,33.167,4295878521
562,,,4295880372
563,,,4295880116
564,,,5000016754
565,,,4295877489
566,,,4295879042
567,,,4295881557
568,,,4295882081
569,,,4295881619
570,,,4295881554
571,,,4295880893
572,,,4295881084
573,,,4295881548
574,,,4295881204
575,,,4295881057
576,,,4295882451
577,,,4295881164
578,,,4295881194
579,,,4295880956
580,,,4295881235
581,,,4295882105
582,,,4295882010
583,,,4295881575
584,,,4295881473
585,,,5000058587
586,,,4295881647
587,,,4295882039
588,,,4295881967
589,,,5000002354
590,,,4295881801
591,,,4295882057
592,,,4295880996
593,,,4298518644
594,,,4295882012
595,,,4295882311
596,,,4295881898
597,,,4295881970
598,,,4295882058
599,,,4295881976
600,,,5000076514
601,,,4295882372
602,,,4295881039
603,,,4295882001
604,,,4295882551
605,,,4295882718
606,1.0,18.0,4295882465
607,1.0,14.917,4295882291
608,,,4295881997
609,,,5000805170
610,,,5035094574
611,,,5037850179
612,,,5035458824
613,,,5042269104
614,,,5051005999
615,,,5036779363
616,,,5061204125
617,,,5056396714
618,,,5067500816
619,,,5036772845
620,,,5070508789
621,,,4296164279
622,,,5079221808
623,,,5081487133
624,,,5001226017
625,,,5035313533
626,,,5035745657
627,,,4297885323
628,,,4295900973
629,,,4298074526
630,,,4295884351
631,,,4295884344
632,,,4295884368
633,,,4295884319
634,,,4295884274
635,,,4295884540
636,,,4296608184
637,,,5033562161
638,,,4295884284
639,,,4295884333
640,,,4295884300
641,,,4295884395
642,,,4295884321
643,,,4295884382
644,1.0,35.958,4295884506
645,,,4295884360
646,,,4295883135
647,1.0,34.887,4295883663
648,1.0,13.373,4298219772
649,1.0,17.798,4295884238
650,1.0,8.869,4295884204
651,1.0,46.5,4295883100
652,1.0,36.0,4295883331
653,1.0,50.125,4295883159
654,1.0,43.75,5000046644
655,,,4295883085
656,,,4295883150
657,,,4295883091
658,,,4295883826
659,,,5000835890
660,,,4298041637
661,,,5068473158
662,,,4295883291
663,,,4295883279
664,,,5000471355
665,,,4295883746
666,,,4295883487
667,,,5056434400
668,,,5035307122
669,,,4295884808
670,,,4295884844
671,,,4295884692
672,,,4295867372
673,,,4295884627
674,,,4295884738
675,,,4295884546
676,,,4298475354
677,,,4295884869
678,,,5039844145
679,,,5044200057
680,,,5000263797
681,1.0,34.668,5000757618
682,,,5048024162
683,1.0,35.2,4295884672
684,,,5052536757
685,,,4295884730
686,,,5001167004
687,,,5062073775
688,,,5043319761
689,,,5080151828
690,,,5083461547
691,,,4295885408
692,,,4295885483
693,1.0,50.607,4295885572
694,,,4295885456
695,,,5000042454
696,,,4295885702
697,,,5001181730
698,,,5067839661
699,,,4295885127
700,,,4295885237
701,,,4296109900
702,,,4296608799
703,,,4295885015
704,,,4295885076
705,,,4295886209
706,,,4295886255
707,,,4295886362
708,,,4295886326
709,1.0,3.0,5000066211
710,,,4295886348
711,,,4295886136
712,,,4295886268
713,,,4295886343
714,,,4298095588
715,,,4295886112
716,,,4295886205
717,,,4295886118
718,,,4295886385
719,,,4295886478
720,,,5039189248
721,,,4295886468
722,,,4295886699
723,,,4295886555
724,,,4295886575
725,,,4295886629
726,,,4296331194
727,,,4295886834
728,,,4295886732
729,,,4295886931
730,,,4295886959
731,,,4295886939
732,,,4295886960
733,,,4295886938
734,,,4295886925
735,,,4295886955
736,,,4295886916
737,,,5001161721
738,1.0,21.089,4295890262
739,,,4295890329
740,,,4295890078
741,,,4295890008
742,,,4295890312
743,,,4295890182
744,,,4295889991
745,,,4295890024
746,1.0,19.6,8589934200
747,,,4295890335
748,,,4295889996
749,1.0,17.791,8589934289
750,,,4295890065
751,1.0,47.5,4295890323
752,,,4295889856
753,,,4295890290
754,,,4295890395
755,,,4295890156
756,,,4295890035
757,,,4295890339
758,,,8589934190
759,1.0,34.0,5052544698
760,,,4295890003
761,,,5045517379
762,,,5042940248
763,,,4298313842
764,,,4295889804
765,,,4295890097
766,,,4295889840
767,,,4295890141
768,,,5044344586
769,,,4295890013
770,,,4295890203
771,,,4295890178
772,,,5000049975
773,,,4295887379
774,,,4298007743
775,1.0,33.966,4295888106
776,,,5000074278
777,,,5000009200
778,,,4295887444
779,,,4295887845
780,,,4295888118
781,,,4295887834
782,1.0,38.35,4295887677
783,,,5000056385
784,,,4295887849
785,,,4295887850
786,,,5039682224
787,,,5064587290
788,,,5000005870
789,1.0,4.583,4295891064
790,,,4295892119
791,,,4295891294
792,,,4295891330
793,,,4295891518
794,,,4295891508
795,,,4295891102
796,,,4295891340
797,,,4295891357
798,,,4295891343
799,,,4295891735
800,,,4295891425
801,,,4295891506
802,,,4295892120
803,,,4295891582
804,,,4295892104
805,,,4295891534
806,,,4295891500
807,,,4295892127
808,,,4295891942
809,,,4295891823
810,,,4295892226
811,,,4295891641
812,,,4295890973
813,,,4295891739
814,,,4295891750
815,,,4295891056
816,,,4295891726
817,,,4295891515
818,,,4295892112
819,,,4295890992
820,,,4295891032
821,,,4295891563
822,,,4295892099
823,,,4295891740
824,,,4295891738
825,,,4295891741
826,,,4295891729
827,,,4295891733
828,,,4295891754
829,,,4295891777
830,,,4295891782
831,,,4295891775
832,,,4295891185
833,,,4295892665
834,,,4295891561
835,,,4295891687
836,,,4295891767
837,,,4295891683
838,,,4295890996
839,,,4295892600
840,,,4295892285
841,,,4298010164
842,,,5000042263
843,,,5063641915
844,,,4295891757
845,,,5000431932
846,1.0,1.228,4295892129
847,,,5000062256
848,,,5036890083
849,,,5038031804
850,,,4297703294
851,,,5037366205
852,,,5056393183
853,,,4295892214
854,,,5043415252
855,1.0,7.0,4295891367
856,,,4295891333
857,,,4295891368
858,,,4295903261
859,,,4295904853
860,,,4295903265
861,,,5037613143
862,,,4295905431
863,,,4295903417
864,,,4295903297
865,,,4295908720
866,,,5001437821
867,,,4295912422
868,,,5046318067
869,,,4295900190
870,,,4295900840
871,,,5030853586
872,1.0,13.458,4295905494
873,,,4295905501
874,,,4295903329
875,,,4295903336
876,,,5037989355
877,1.0,0.0,4295903341
878,,,4295903388
879,,,4295903374
880,1.0,33.864,4295899980
881,,,4295905537
882,,,4295903393
883,,,4295903438
884,,,4295901784
885,,,5081057199
886,,,4295905573
887,,,4295905583
888,1.0,38.925,4295903463
889,,,5000301936
890,,,5042238586
891,,,4295899478
892,,,5083486063
893,,,4295905642
894,,,4295903514
895,,,4295903490
896,,,4295903478
897,,,5052132612
898,,,4295903492
899,,,4295899766
900,1.0,14.727,8589934339
901,1.0,4.57,5000001034
902,,,4295904421
903,,,4296896513
904,,,4295905713
905,,,4295903556
906,,,5071545370
907,,,4295908554
908,,,4295906748
909,1.0,5.478,4295900990
910,,,4295902706
911,,,4295914598
912,,,5000766723
913,,,4295903602
914,,,4295903585
915,,,4295903586
916,,,4295903619
917,,,4295902623
918,,,5060689053
919,,,4295912025
920,,,4295902917
921,,,4295929900
922,,,4296212311
923,,,4295899323
924,,,4295905803
925,,,4295905810
926,,,5063766000
927,,,4295899615
928,,,4295903636
929,,,4295903665
930,,,4295903627
931,,,4295903637
932,,,5076162916
933,,,4295903679
934,1.0,27.036,4295903649
935,,,4295903652
936,,,4295903651
937,,,4295903654
938,,,4295903702
939,,,5035741840
940,,,5073156222
941,,,5000053849
942,,,4295903678
943,,,4295901893
944,,,4295900986
945,,,4297255547
946,,,4295900112
947,,,4295903707
948,,,4295905949
949,,,5080018615
950,,,4295905955
951,,,4296419629
952,1.0,42.1,4295903733
953,,,4295903091
954,,,4295905973
955,1.0,55.833,4295903113
956,,,4295908573
957,,,4295903775
958,,,5081500884
959,,,4295906048
960,,,4295903798
961,1.0,24.639,4295912987
962,,,4295912984
963,,,5043415536
964,,,4295903809
965,,,4295903829
966,,,4295903861
967,,,4295903833
968,,,4295903847
969,,,5037627667
970,,,4295905108
971,,,4295906153
972,,,4295903104
973,,,5040186364
974,,,4295913845
975,,,4295909064
976,,,4295902718
977,,,4297160277
978,1.0,18.438,4295899533
979,,,5045821058
980,,,4295903874
981,,,5041064108
982,,,4295903896
983,,,5071081317
984,,,4295906238
985,,,4295903916
986,,,4295903910
987,,,4295911970
988,,,4295901526
989,,,4298065499
990,,,4295915818
991,,,4295903931
992,,,4297034757
993,,,4295903939
994,1.0,0.0,5000037947
995,,,4295904469
996,,,4295903946
997,,,4295906381
998,,,4295903947
999,,,4295900268
1000,,,4295903216
1001,,,4295899731
1002,,,4295906402
1003,,,4297297477
1004,,,4295903961
1005,,,4295903960
1006,,,4295906431
1007,,,4295912126
1008,,,4295913368
1009,,,4295912058
1010,1.0,1.652,4295906442
1011,,,5001113817
1012,,,4295906509
1013,,,4295903132
1014,,,4295935222
1015,,,4297406905
1016,,,5067498187
1017,1.0,3.516,4295904023
1018,,,4295904043
1019,,,5040053599
1020,,,4295903161
1021,,,4295903128
1022,1.0,30.417,4295904061
1023,,,4295904067
1024,,,4295906595
1025,,,4295900281
1026,,,4295905104
1027,,,5042943945
1028,1.0,13.362,4295911963
1029,,,4295904086
1030,,,4295904089
1031,,,5001208951
1032,,,4295904170
1033,,,4295904141
1034,,,5083821503
1035,,,4295904159
1036,,,4295906693
1037,1.0,53.625,4295904171
1038,,,5046390586
1039,,,5040250025
1040,,,4295906709
1041,1.0,13.333,4295903148
1042,,,4295912159
1043,,,5001815447
1044,,,4295908614
1045,,,4296262603
1046,,,4295904196
1047,,,4295906733
1048,,,4296368740
1049,,,4295906763
1050,,,4295904216
1051,,,4295906783
1052,,,4295902738
1053,,,4295904307
1054,1.0,33.625,4295904309
1055,,,4295904318
1056,,,4295906862
1057,,,5052795406
1058,,,5052135353
1059,,,5044340396
1060,1.0,16.071,5000021791
1061,1.0,39.1,4295904341
1062,,,4295913981
1063,,,4295906904
1064,,,5083144032
1065,1.0,35.156,4295903052
1066,,,4295904371
1067,,,5041978269
1068,1.0,36.5,4295904369
1069,,,5083761147
1070,,,4295899858
1071,,,4297699947
1072,,,4295911969
1073,,,4295906961
1074,,,4295906978
1075,1.0,24.333,4295904406
1076,,,4295912186
1077,,,5037932217
1078,,,4295904414
1079,,,5000634824
1080,1.0,18.292,4295904432
1081,,,4295862576
1082,,,4295904442
1083,,,4295904450
1084,,,4295904473
1085,,,4295915617
1086,,,4295904476
1087,,,4295904482
1088,,,4295904477
1089,,,4295902520
1090,,,4295908221
1091,1.0,45.344,4295904499
1092,,,4295912188
1093,,,4295904886
1094,,,4295912198
1095,,,4295904529
1096,,,4295907168
1097,,,4295907171
1098,,,4295904528
1099,,,5066596648
1100,,,4295911073
1101,,,4295903805
1102,1.0,34.458,4295899791
1103,,,5042221932
1104,1.0,21.423,4295904557
1105,,,4295912211
1106,,,4295904572
1107,,,8589934167
1108,,,4295907376
1109,,,4295902158
1110,,,4295907381
1111,,,5039926532
1112,,,4295903955
1113,1.0,17.375,4295904620
1114,,,4295907402
1115,1.0,6.228,4295907415
1116,,,4295908065
1117,,,4295904636
1118,,,4295914405
1119,,,5000795447
1120,,,4295907460
1121,,,4295904652
1122,,,4295916023
1123,,,5068343942
1124,,,4295904703
1125,,,4295904675
1126,1.0,3.0,4295904676
1127,,,4295904686
1128,,,4295907525
1129,,,4295912229
1130,,,4295968965
1131,,,4296000356
1132,,,4295903206
1133,,,4295907559
1134,,,5045870012
1135,1.0,61.208,4295904718
1136,,,4295904722
1137,,,5036190505
1138,,,4295907828
1139,1.0,3.5,4295907655
1140,1.0,0.0,4295901744
1141,,,4295904769
1142,,,4295903263
1143,1.0,0.5,4295901925
1144,,,4295904782
1145,,,5068057414
1146,,,4295904781
1147,,,5042255248
1148,,,4295907706
1149,,,4295904788
1150,,,4295904793
1151,1.0,0.0,8589934220
1152,,,4295904812
1153,,,4295907752
1154,,,4295907751
1155,,,5046043341
1156,,,4295907765
1157,,,4295904818
1158,,,4295904835
1159,,,4295904837
1160,,,4297900917
1161,,,4295904844
1162,,,4295904842
1163,,,4295907815
1164,,,4295904495
1165,,,5052136396
1166,,,4295907833
1167,,,4296658618
1168,,,4295915633
1169,,,4295907871
1170,1.0,0.0,8589934318
1171,,,5000388033
1172,,,4295904914
1173,,,4295904924
1174,,,5040694674
1175,,,4295905486
1176,,,4295908678
1177,,,4295904934
1178,,,5038065579
1179,,,4295903239
1180,,,4295904951
1181,,,5000598124
1182,,,4295904973
1183,1.0,24.5,4295908005
1184,1.0,2.516,4295904976
1185,,,4295908010
1186,,,4295904996
1187,,,4295905000
1188,,,4295908075
1189,,,5042214022
1190,1.0,15.406,4295905023
1191,,,4295905029
1192,,,4295900188
1193,1.0,27.045,4295912282
1194,,,4295905055
1195,,,4295905068
1196,,,5000072036
1197,,,4295908164
1198,,,5068324886
1199,,,5037345940
1200,,,5052137706
1201,1.0,29.844,4295905141
1202,,,4295905170
1203,1.0,5.899,8589934183
1204,,,5037473967
1205,,,5055475912
1206,,,5053445407
1207,,,4295905161
1208,,,4295912318
1209,,,4295905175
1210,,,4295915261
1211,,,5046300101
1212,,,5065226047
1213,,,4295905199
1214,,,4295905202
1215,,,5038081551
1216,,,4295905210
1217,,,4295908306
1218,,,4295911976
1219,,,4298051902
1220,,,4295908317
1221,,,5035523437
1222,,,5057776667
1223,,,4298015179
1224,,,5052137229
1225,,,4295905292
1226,,,5037622213
1227,,,4295912320
1228,1.0,33.125,4295905298
1229,,,4295907310
1230,,,4295905311
1231,,,4295905309
1232,,,4295905315
1233,1.0,7.382,8589934175
1234,,,5083423579
1235,,,4295912317
1236,,,4295905332
1237,1.0,17.5,5063196140
1238,,,4295903255
1239,,,4296253209
1240,,,4295914758
1241,,,4295904627
1242,,,5035774320
1243,1.0,47.125,4295905127
1244,,,5044027706
1245,,,5037658928
1246,,,5036689323
1247,,,5038054958
1248,,,4295889099
1249,,,4295888469
1250,,,4295889088
1251,,,4295889097
1252,,,4295889042
1253,,,4295888648
1254,,,4295888586
1255,,,4295888681
1256,,,4295888651
1257,,,4295889278
1258,,,4295888632
1259,,,4295889153
1260,,,4295888504
1261,,,4295889219
1262,,,4295888630
1263,,,4296325663
1264,,,4295888654
1265,,,5000444809
1266,,,5064609880
1267,,,4295888679
1268,,,5057811904
1269,,,5028043592
1270,,,4295893461
1271,,,4295893508
1272,,,4295893470
1273,,,4295945554
1274,,,4295893476
1275,,,4295893479
1276,,,4295893441
1277,,,4296274964
1278,,,5083530705
1279,,,5046656061
1280,,,4295893493
1281,,,4295904888
1282,,,4295859007
1283,,,4295858976
1284,,,5050702133
1285,,,4298007739
1286,,,4295856983
1287,,,4295858761
1288,,,4295856152
1289,,,4297805897
1290,,,4295857272
1291,,,4295858398
1292,1.0,4.728,5000055834
1293,,,4295857405
1294,,,4295857460
1295,,,4295857447
1296,,,4295856620
1297,,,4295856601
1298,,,4295856917
1299,,,5000260289
1300,,,4295856249
1301,,,4295857141
1302,,,5000088867
1303,,,5083509187
1304,,,4295856627
1305,,,4295856585
1306,,,4295857124
1307,,,5045505377
1308,,,4295857433
1309,,,4295859421
1310,,,8589934262
1311,,,4295859381
1312,,,4295859531
1313,,,4295859541
1314,,,4295859326
1315,,,4295871244
1316,,,4295871682
1317,,,4295871672
1318,,,4295871064
1319,,,4295871038
1320,,,4295870917
1321,,,4295871725
1322,,,4295871555
1323,1.0,2.27,4298042021
1324,,,4295871566
1325,,,4295871154
1326,1.0,12.0,4295864494
1327,,,4295871543
1328,,,4295871256
1329,,,5000604622
1330,1.0,4.834,4295859689
1331,1.0,15.141,5000053637
1332,,,4295859731
1333,,,4295860295
1334,,,4297320527
1335,,,4295859739
1336,,,4295860294
1337,,,4295859808
1338,,,5000004542
1339,,,4295859917
1340,1.0,,4295859722
1341,1.0,31.063,4295860302
1342,,,4295860040
1343,,,4296141085
1344,,,4295859763
1345,,,5000809539
1346,,,4295860057
1347,,,4295860274
1348,,,5000060474
1349,,,4295860164
1350,,,4295859761
1351,,,4295860043
1352,,,5076419892
1353,,,5000491274
1354,,,4295860844
1355,,,5076694196
1356,,,5001317745
1357,1.0,10.111,4295860596
1358,1.0,7.267,4295860592
1359,,,5066630647
1360,,,4295861073
1361,,,5051003308
1362,1.0,0.5,4295860600
1363,,,4295860595
1364,,,5057567349
1365,,,4295861343
1366,,,4295860626
1367,,,4295860606
1368,,,5082075678
1369,,,5086690639
1370,,,4295861296
1371,,,4295860623
1372,,,4295862540
1373,,,5000631312
1374,,,4295861147
1375,,,5037844900
1376,,,4295862751
1377,,,4295861309
1378,,,4295862904
1379,,,5086776120
1380,,,4295861140
1381,,,5083507817
1382,,,5037474279
1383,,,5001584559
1384,1.0,4.092,8589934213
1385,,,4295861310
1386,,,4295862910
1387,,,4295861257
1388,,,4295861769
1389,1.0,8.304,4295862902
1390,,,5087009162
1391,,,4295861508
1392,,,4295890717
1393,1.0,31.083,4295890576
1394,,,4295890620
1395,,,4295890800
1396,,,5000030891
1397,,,4295890904
1398,,,4296618369
1399,,,4295890591
1400,,,5068075938
1401,,,5066538532
1402,,,5000073936
1403,,,4295863327
1404,,,4295863329
1405,,,4295863332
1406,,,4295864615
1407,,,4295865534
1408,,,4295863798
1409,,,4295864656
1410,,,4295865511
1411,,,4295864786
1412,,,4295863793
1413,,,4295865681
1414,,,4295863969
1415,,,4295863804
1416,,,4295864185
1417,,,4295863789
1418,,,4295864049
1419,,,4295865029
1420,,,4295864992
1421,,,4295865403
1422,,,4295864514
1423,,,4295864218
1424,,,4295864051
1425,,,4295864477
1426,,,4295863996
1427,,,4295863981
1428,,,4295863694
1429,,,4295864725
1430,,,4295863952
1431,,,4295863971
1432,,,4295864150
1433,,,4295864442
1434,,,4295865283
1435,,,4295863648
1436,,,4295864411
1437,,,4295864110
1438,,,4295864048
1439,,,4295864938
1440,,,4295864356
1441,,,4295864122
1442,,,4295864500
1443,,,4295865227
1444,,,4295864471
1445,,,4295865389
1446,,,4295865392
1447,,,4295864939
1448,,,4295865303
1449,,,4295864541
1450,,,4295864700
1451,,,4295863843
1452,,,4295863739
1453,1.0,12.25,4295864263
1454,,,4295865519
1455,,,4295865631
1456,,,4295865502
1457,,,4295863657
1458,,,4295865323
1459,,,4295863976
1460,,,4295865222
1461,,,4295864050
1462,,,4295865153
1463,,,4295864181
1464,,,4295864164
1465,,,4295865550
1466,,,4295865501
1467,,,4295864404
1468,,,4295865212
1469,,,4295863622
1470,,,4295864145
1471,,,4295863743
1472,,,4295865144
1473,,,4295865648
1474,,,4295865056
1475,,,4295864186
1476,,,4295865333
1477,,,4295863985
1478,,,4295863693
1479,,,4295863674
1480,,,4295863675
1481,,,4295863819
1482,,,4295865570
1483,,,4295865482
1484,,,4295864560
1485,,,4295865053
1486,,,4295864268
1487,,,4295865083
1488,,,4295864844
1489,,,4295864370
1490,,,4295865590
1491,,,4295865240
1492,,,4295865211
1493,,,4295864272
1494,,,4295865461
1495,,,4295863814
1496,,,4295865441
1497,,,4295863989
1498,,,4295865616
1499,,,4295863997
1500,,,4295864198
1501,,,4295865264
1502,,,4295863929
1503,,,4295864604
1504,,,4295865582
1505,,,4295864891
1506,1.0,0.0,4295865084
1507,,,4295865460
1508,,,4295864472
1509,,,4295863746
1510,,,4295865530
1511,,,4295864880
1512,,,4295863749
1513,,,4295864498
1514,,,4295864758
1515,,,4295864918
1516,,,4295865471
1517,,,4295863780
1518,,,4295865242
1519,,,4295865675
1520,,,4295865199
1521,,,4295863592
1522,,,4295864259
1523,,,4295864511
1524,,,4295864669
1525,,,4295864428
1526,,,4295865280
1527,,,4295863927
1528,,,4295864230
1529,,,4295865597
1530,,,4295864139
1531,,,4295865194
1532,,,4295864216
1533,,,4295864087
1534,,,4295864132
1535,,,4295864849
1536,,,4295864676
1537,,,4295864519
1538,,,4295864294
1539,,,4295865607
1540,,,4295864469
1541,,,4295864974
1542,,,4295864720
1543,,,4295864351
1544,,,4295865371
1545,,,4295863994
1546,,,4295864558
1547,,,4295865175
1548,,,4295864311
1549,,,4295864075
1550,,,4295864231
1551,,,4295865248
1552,,,4295863939
1553,,,4295863614
1554,,,4295865048
1555,,,4295864455
1556,,,4295864072
1557,,,4295863850
1558,,,4295864718
1559,,,4295864761
1560,,,4295864274
1561,,,4295864229
1562,,,4295864310
1563,,,4295865466
1564,,,4295863774
1565,,,4295864920
1566,,,4295865119
1567,,,4295864559
1568,,,4295864362
1569,,,4295864859
1570,,,4295864760
1571,,,4295864288
1572,,,4295865587
1573,,,4295865256
1574,,,4295864968
1575,,,4295865418
1576,,,4295864728
1577,,,4295864952
1578,,,4295864538
1579,1.0,0.0,4295863856
1580,,,4295864835
1581,,,4295863754
1582,,,4295864289
1583,,,4295863830
1584,,,4295865449
1585,,,4295865588
1586,,,4295865630
1587,,,4295864697
1588,,,4295864930
1589,,,4295864276
1590,,,4295863698
1591,,,4295863759
1592,,,4295865585
1593,,,4295864144
1594,,,4295865541
1595,,,4295865669
1596,,,4295864071
1597,,,4295864915
1598,,,4295865005
1599,,,4295865508
1600,,,4295865574
1601,,,4295865350
1602,,,4295865657
1603,,,4295865383
1604,,,4295865167
1605,,,4295864955
1606,,,4295865475
1607,,,5000018009
1608,,,4295864908
1609,,,4295865200
1610,,,4295864025
1611,,,4295864515
1612,,,4295864603
1613,,,4295863721
1614,,,4295864987
1615,,,4295865261
1616,1.0,0.0,4295863670
1617,,,4295864533
1618,,,4295864374
1619,,,4295865182
1620,,,4295864488
1621,,,4295864435
1622,,,4295865561
1623,,,4295864297
1624,,,4295864985
1625,1.0,0.0,4295863742
1626,,,4295865054
1627,,,4295863607
1628,,,4295864057
1629,,,4295863765
1630,,,4295865528
1631,,,4295864253
1632,,,4295864767
1633,,,4295864706
1634,,,4295864721
1635,,,4295865152
1636,,,4295863781
1637,,,4295863845
1638,,,4295864226
1639,,,4295863589
1640,,,4295864709
1641,1.0,0.0,4295864463
1642,,,4295864381
1643,,,4295864973
1644,,,4295870860
1645,,,4295865639
1646,,,4295865314
1647,,,4295864757
1648,,,4295865081
1649,,,4295864344
1650,,,4295865113
1651,,,4295864296
1652,,,4295865282
1653,,,4295864013
1654,,,4295865178
1655,,,4295865634
1656,,,4295864702
1657,,,4295863851
1658,,,4295865130
1659,,,4295865208
1660,,,4295865351
1661,,,4295865274
1662,1.0,3.447,4295863663
1663,,,4295864016
1664,,,4295863803
1665,,,4295864282
1666,,,4295864860
1667,,,4298008651
1668,,,4295864593
1669,,,4295865157
1670,,,4295864036
1671,,,4295864896
1672,,,4295864691
1673,,,4295864350
1674,,,4295865013
1675,,,4298007686
1676,,,4298007696
1677,,,4295865468
1678,,,4298007693
1679,,,4298008760
1680,,,4298008689
1681,,,4298008764
1682,,,4298008766
1683,,,4298025328
1684,,,4298065349
1685,,,4298043714
1686,,,4298052521
1687,,,4295864209
1688,1.0,0.0,5000032093
1689,,,4296799807
1690,,,5000156210
1691,,,4298150679
1692,,,5000100385
1693,,,4296761804
1694,,,5000374642
1695,,,5000436413
1696,,,5000437235
1697,,,5000432129
1698,,,5000462739
1699,,,5000004477
1700,1.0,0.0,5000442655
1701,,,5000607983
1702,,,5000612421
1703,,,5000073482
1704,,,5000621484
1705,,,5000629028
1706,,,5000629080
1707,,,5000629076
1708,,,4297991611
1709,,,5000662398
1710,,,4298347684
1711,,,5000607091
1712,,,4298346497
1713,,,5000437498
1714,,,5000692783
1715,,,4297828175
1716,,,5000720131
1717,,,5000720293
1718,,,5000525709
1719,,,4297846877
1720,,,4296811422
1721,1.0,3.819,5000014265
1722,,,4298522271
1723,,,5000792859
1724,,,5000567168
1725,,,5000039167
1726,,,4298361469
1727,,,4298153661
1728,,,5000824105
1729,,,5000562077
1730,,,5000471281
1731,,,5001143439
1732,,,5001143464
1733,,,5000057457
1734,,,5001166650
1735,,,5000459251
1736,,,5000550556
1737,,,5000548166
1738,,,4297974726
1739,,,5001170754
1740,,,5001203800
1741,,,4298497625
1742,,,4295864892
1743,,,5000433081
1744,,,5000795470
1745,,,5001211000
1746,,,5001218769
1747,,,5000505180
1748,,,5000561908
1749,,,4298345324
1750,,,5000915713
1751,,,4298544912
1752,,,5000542233
1753,,,5001231659
1754,,,4298346471
1755,,,5002420861
1756,,,5000537326
1757,,,5000541966
1758,,,4297710943
1759,,,5001425499
1760,,,4295865181
1761,,,4298151354
1762,,,5000577506
1763,,,4298067634
1764,,,4298476696
1765,,,5000577580
1766,,,5035088370
1767,,,5000513192
1768,,,5000706233
1769,,,5000516697
1770,,,5034849139
1771,,,5035460884
1772,,,5035581344
1773,,,4295864422
1774,,,5000533850
1775,,,5000907788
1776,,,5000546946
1777,,,4297985039
1778,,,5000512486
1779,,,4298153685
1780,,,5037139561
1781,,,5000844975
1782,,,5037282460
1783,,,5035428994
1784,,,5000500061
1785,,,5035526612
1786,,,4296939105
1787,,,4295864640
1788,,,5000038533
1789,,,5035524971
1790,,,5000799590
1791,,,5000546705
1792,,,5000743496
1793,,,5035549423
1794,,,5037353896
1795,,,5040793185
1796,,,5036865268
1797,,,5000511411
1798,,,5035712095
1799,,,5037347539
1800,,,5044065913
1801,,,4297649143
1802,,,5036213732
1803,,,5000526202
1804,,,4298151148
1805,,,5000500951
1806,,,4298151119
1807,,,5000964736
1808,,,5000513186
1809,,,5037347417
1810,,,4298347555
1811,,,5037589950
1812,,,5037589196
1813,,,4298149106
1814,,,5000691914
1815,,,5037344614
1816,,,5036757687
1817,,,4298370787
1818,,,4296830179
1819,,,5000511211
1820,,,5042216543
1821,,,5001097499
1822,,,5035306558
1823,,,5000064299
1824,,,5037430690
1825,,,5037086371
1826,,,5000507643
1827,,,5036373387
1828,,,5041982761
1829,,,5041758706
1830,1.0,0.0,4298153588
1831,,,5000514125
1832,,,5000513518
1833,,,5000524471
1834,,,5001448450
1835,,,5035392622
1836,,,5037589941
1837,,,5000062881
1838,,,5036216652
1839,,,5000567947
1840,,,5000768225
1841,,,5000837458
1842,,,5046707519
1843,,,5000069898
1844,,,4298003129
1845,,,4296929230
1846,,,5000560344
1847,,,4298434827
1848,,,5035551376
1849,,,5039648336
1850,,,5037317922
1851,,,4298497485
1852,,,5000047459
1853,,,5000576815
1854,,,5042951452
1855,,,5000507932
1856,,,5046316759
1857,,,5040260002
1858,,,5037941777
1859,,,5036773931
1860,,,5036199903
1861,,,5044262919
1862,,,5000908617
1863,,,5000539998
1864,,,5000560542
1865,,,5044010102
1866,,,4298344696
1867,,,5034847224
1868,,,5034845735
1869,,,5051008257
1870,,,5035312533
1871,,,5000547286
1872,,,5043415350
1873,,,5037992901
1874,,,5000520341
1875,,,5036397175
1876,,,5000561933
1877,,,4297091222
1878,,,4298498141
1879,,,5055444717
1880,,,5000217387
1881,,,4298152542
1882,,,5055468353
1883,,,4296742247
1884,,,5000097010
1885,,,5000545715
1886,,,4298151964
1887,,,5000046330
1888,,,5057438460
1889,,,5043316839
1890,,,5047445448
1891,,,5044178555
1892,,,5043331208
1893,,,5000036507
1894,,,4296062372
1895,,,5056414097
1896,,,5000241422
1897,,,5041079083
1898,,,5000029392
1899,,,4298149140
1900,,,5001180536
1901,,,5037362841
1902,,,5044065930
1903,,,5037367893
1904,,,5042948573
1905,,,5040184987
1906,,,5000677303
1907,,,5034844920
1908,,,4297279091
1909,,,5068657930
1910,,,5068926914
1911,,,5046440390
1912,,,5000508883
1913,,,4297247953
1914,,,5040042223
1915,,,5000965489
1916,,,5068926092
1917,,,5068926256
1918,,,5043334242
1919,,,5037840094
1920,,,4296690521
1921,,,5064283967
1922,,,5056390183
1923,,,5000069299
1924,,,4298347511
1925,,,5063164116
1926,,,4297002318
1927,,,5068926255
1928,,,5051391251
1929,,,5066575432
1930,,,5037085432
1931,,,4295871923
1932,,,5041976582
1933,,,4297662047
1934,,,5056440940
1935,,,5035525611
1936,,,5050292896
1937,,,5035394536
1938,,,5056065117
1939,,,5057823667
1940,,,5044196366
1941,,,5042949069
1942,,,5056415748
1943,,,5063760258
1944,,,5000559208
1945,,,5052130564
1946,,,4297065471
1947,,,5056432599
1948,,,4298346065
1949,,,5000086955
1950,,,5000063483
1951,,,5074236423
1952,,,5045352223
1953,,,5036213164
1954,,,4295864657
1955,,,4296197932
1956,,,4296214965
1957,,,4295865621
1958,,,5045848462
1959,,,5040929559
1960,,,5000557487
1961,,,5000603254
1962,,,5070760884
1963,,,5079243338
1964,,,5000592036
1965,,,5001194513
1966,,,5039190664
1967,,,5029113937
1968,,,5000631407
1969,,,5065356723
1970,,,5046048089
1971,,,4295865752
1972,,,4295869227
1973,,,4295869070
1974,,,4295870081
1975,,,4295869236
1976,,,4295870332
1977,,,4298007872
1978,,,4295868961
1979,1.0,38.9,4295869260
1980,,,5046707555
1981,,,4295870063
1982,,,4295869098
1983,,,5035708251
1984,,,4295869123
1985,,,4295869049
1986,,,4295869694
1987,,,5043321284
1988,,,4295868872
1989,,,4295869238
1990,1.0,11.75,4295869244
1991,,,4295868681
1992,,,5056395925
1993,1.0,20.5,4295868725
1994,,,5037852371
1995,,,5064650628
1996,1.0,37.25,4295869198
1997,,,4295869217
1998,1.0,13.222,8589934314
1999,,,5081377210
2000,,,5000103308
2001,,,5000074393
2002,,,5060559444
2003,,,4295868896
2004,,,4295869118
2005,,,4295866034
2006,,,8589934305
2007,,,4295865911
2008,,,4296730041
2009,,,4297758825
2010,,,5001205497
2011,,,4295866012
2012,,,4295866238
2013,,,4295866239
2014,,,4297510933
2015,,,5043416261
2016,,,5000437425
2017,,,4295889554
2018,,,4295889303
2019,,,4298014978
2020,,,4295889502
2021,,,4295889602
2022,,,4295889506
2023,,,4295889563
2024,,,5000062703
2025,,,4295866480
2026,1.0,43.25,4295866448
2027,1.0,41.25,4295866353
2028,,,4295866494
2029,1.0,50.75,4295866391
2030,,,4295866538
2031,,,4295867343
2032,,,4295867366
2033,,,5001170594
2034,,,4295868215
2035,,,4295867483
2036,1.0,58.958,4295867387
2037,,,4295867424
2038,1.0,46.583,4295866862
2039,,,4295868312
2040,,,4295866846
2041,1.0,58.875,4295867170
2042,,,4295867538
2043,1.0,,5000039357
2044,1.0,51.32,8589934326
2045,,,4295867385
2046,,,4295867565
2047,,,4295867361
2048,,,4295867266
2049,,,4295867687
2050,,,4295867394
2051,,,4295867411
2052,,,4295898044
2053,,,4295894958
2054,,,5000001291
2055,,,4295894777
2056,,,4295895428
2057,1.0,45.227,4295895205
2058,,,4295894647
2059,1.0,32.112,4295895043
2060,,,4295894068
2061,,,8589934227
2062,,,4295894786
2063,,,4295894191
2064,,,4295894740
2065,1.0,24.006,8589934254
2066,1.0,43.222,8589934333
2067,,,4298007752
2068,,,4295894507
2069,,,4295896494
2070,1.0,46.75,4295894756
2071,,,5000799571
2072,,,4295894468
2073,,,5057860440
2074,,,5066589306
2075,,,4295896661
2076,,,4295894667
2077,,,5080177560
2078,1.0,29.794,8589934212
2079,,,5031889023
2080,1.0,,4295885039
2081,,,8589934340
2082,,,4295894930
2083,,,4295894789
2084,,,4295870355
2085,,,4295870779
2086,,,4298007700
2087,,,4295871375
2088,,,4295871008
2089,,,4298361589
2090,,,5000789191
2091,,,5000434294
2092,,,5037135721
2093,,,5000010848
2094,,,4295871585
2095,,,4295871011
2096,,,4295871540
2097,,,4295871290
2098,,,4295871569
2099,,,4295871575
2100,,,4295871292
2101,,,4295871577
2102,,,4295871583
2103,,,4295871207
2104,,,4295871943
2105,,,4295870829
2106,,,4295871570
2107,,,4295871393
2108,,,4295871115
2109,,,4295870876
2110,,,4295871335
2111,,,4295870934
2112,,,4295871002
2113,,,4298007846
2114,,,4295871573
2115,,,4295864421
2116,,,5000045377
2117,,,4295871425
2118,,,4295863654
2119,,,4295871156
2120,1.0,0.5,4295872011
2121,,,4295871412
2122,,,4295870962
2123,,,4295872013
2124,,,4295870821
2125,,,4295872095
2126,,,4295874393
2127,,,4295874382
2128,,,4295874417
2129,,,4295874376
2130,,,4295874391
2131,,,4298052285
2132,,,4295874540
2133,1.0,56.125,4295874361
2134,,,5061707753
2135,,,4295874867
2136,,,5083858869
2137,,,5066603776
2138,,,5037276891
2139,,,4295874940
2140,,,5043315501
2141,,,4295875095
2142,,,4295875035
2143,,,5000068620
2144,,,4295875158
2145,,,4295875283
2146,,,4295875063
2147,,,4295875096
2148,,,4295875072
2149,,,4295875266
2150,,,4295875182
2151,,,5000360582
2152,,,5040035809
2153,,,5043315742
2154,,,5067163385
2155,,,5001428097
2156,,,4295872696
2157,,,4295872979
2158,,,4295872413
2159,,,4295873317
2160,,,4295872412
2161,,,4295872888
2162,,,4295872490
2163,,,4295874202
2164,,,4295874015
2165,,,4295873304
2166,,,4295872504
2167,,,4295873147
2168,,,4295873202
2169,,,4295872425
2170,,,4295872601
2171,,,4295872982
2172,,,4295872684
2173,,,4295872661
2174,,,4295872983
2175,,,4295873910
2176,,,4295872565
2177,,,5000000025
2178,,,4295874173
2179,,,4295874065
2180,,,4295872161
2181,,,4297767900
2182,1.0,10.34,4295875735
2183,,,4295875633
2184,,,4295875615
2185,,,4295875459
2186,,,4295875783
2187,,,4295875842
2188,,,5052544379
2189,,,5034844193
2190,,,5067504851
2191,,,5046661069
2192,,,4295877304
2193,,,5037947712
2194,,,5038042133
2195,,,4295880739
2196,,,4295877330
2197,,,4295877349
2198,,,4295876498
2199,,,4295877321
2200,,,4295880409
2201,,,4295878910
2202,,,4295878690
2203,,,4295876038
2204,,,4295877060
2205,,,5040225688
2206,1.0,32.0,4295877423
2207,,,4295880578
2208,,,4295876946
2209,1.0,11.831,4295876581
2210,1.0,47.55,4295877427
2211,,,4295879796
2212,,,4295876064
2213,,,4295876904
2214,,,4298077478
2215,,,4295877728
2216,,,4298359593
2217,,,4295879865
2218,,,4295880434
2219,,,4295880393
2220,,,4295878778
2221,,,4295877369
2222,,,5000002343
2223,,,4295877978
2224,,,4295877381
2225,,,4295880537
2226,,,4295877313
2227,,,4295880639
2228,,,4295877551
2229,,,4295880726
2230,,,5000472343
2231,,,4295877384
2232,,,4295877339
2233,,,4295877346
2234,,,5000002406
2235,,,4295877094
2236,,,4295878992
2237,,,4295877353
2238,,,4295880584
2239,,,4295880128
2240,1.0,9.375,4295877345
2241,,,4295878607
2242,,,4298076741
2243,,,4295877361
2244,,,4295878412
2245,,,4295877493
2246,,,4295880403
2247,,,4295880604
2248,,,4295877311
2249,,,4295877443
2250,,,4295877338
2251,,,4295876396
2252,1.0,8.0,4295876746
2253,,,4295877439
2254,,,4295877341
2255,,,4295877403
2256,,,5080520032
2257,,,4295880560
2258,,,4295880693
2259,,,4295877838
2260,,,4295879109
2261,,,4295880585
2262,,,4295875905
2263,,,4295878438
2264,,,4295875937
2265,,,4295880541
2266,,,5000059898
2267,,,4295877320
2268,,,4298179644
2269,,,4295877421
2270,1.0,22.563,4295880574
2271,,,4295876019
2272,,,4295877302
2273,,,4295877319
2274,,,4295880567
2275,,,4295878176
2276,,,4295880668
2277,1.0,17.917,4298102354
2278,,,4295878848
2279,,,4295880715
2280,,,4295877382
2281,,,4295878032
2282,,,4295880926
2283,,,4295881132
2284,,,4295881510
2285,,,4295881064
2286,,,4295881191
2287,,,4295881439
2288,,,4295881065
2289,,,4295882003
2290,,,4295881071
2291,,,4295881247
2292,,,4295882301
2293,,,4295881441
2294,,,4295881087
2295,,,4295881658
2296,,,4295881489
2297,,,4295881202
2298,,,4295881588
2299,,,4296737937
2300,,,4295881614
2301,,,4295882391
2302,,,4295882295
2303,,,4295881974
2304,,,4295882602
2305,,,5000049504
2306,,,4295882337
2307,,,5000072269
2308,,,4295882004
2309,,,4295881987
2310,,,4295882129
2311,,,5000043548
2312,,,4298008784
2313,,,5035149355
2314,,,5039681947
2315,,,5055456802
2316,,,5058998206
2317,,,5000848407
2318,,,5064623101
2319,,,5047751121
2320,,,5069469748
2321,,,5057940733
2322,,,5080177335
2323,,,4295882789
2324,,,4295882799
2325,,,4295882783
2326,,,4295882891
2327,,,4295882861
2328,,,4295882837
2329,,,4295882785
2330,,,5004716215
2331,,,5000066483
2332,,,5000431356
2333,,,5036161422
2334,,,4295864818
2335,,,5061697321
2336,,,4295864219
2337,,,5069399443
2338,,,4295871541
2339,,,4295871981
2340,,,4295863681
2341,,,4295871885
2342,,,4295871971
2343,,,5037028189
2344,,,5001437957
2345,,,5040759743
2346,,,5046043782
2347,,,5040698013
2348,,,5071523030
2349,,,5055735744
2350,,,5073078852
2351,,,5000756363
2352,,,4295871892
2353,1.0,10.958,5045492543
2354,,,5044365631
2355,,,4295864398
2356,,,5062592977
2357,,,5000506507
2358,,,4295865231
2359,,,4295871887
2360,,,4295870792
2361,,,5037960381
2362,,,5056391839
2363,,,4295871879
2364,,,4295871263
2365,,,5047817370
2366,,,5036393356
2367,,,4295864046
2368,,,5048228598
2369,,,5080147763
2370,,,4295864418
2371,,,5063770487
2372,1.0,29.0,4295871680
2373,,,5000683649
2374,,,5073342420
2375,,,5066579901
2376,,,5076941233
2377,,,5079900700
2378,,,5071163015
2379,,,5074237968
2380,,,5080184329
2381,,,4295871044
2382,,,4295871245
2383,,,4295865187
2384,,,4295865400
2385,,,5064650810
2386,,,5074561406
2387,,,5070506289
2388,,,5065366702
2389,1.0,11.0,4295871926
2390,,,5000484091
2391,,,5051769155
2392,,,5050303579
2393,,,5001160388
2394,,,4295863668
2395,,,5076943705
2396,,,4295864459
2397,,,4295865168
2398,,,5064707091
2399,,,5060615887
2400,,,5079208968
2401,,,5000496345
2402,,,5000578430
2403,,,4295865578
2404,,,4295871031
2405,,,5001157611
2406,,,5041064571
2407,,,5071395523
2408,,,4295864194
2409,,,4295865078
2410,,,5043316849
2411,,,5066592088
2412,,,4295863999
2413,,,4295871039
2414,,,5064607814
2415,,,5070519222
2416,,,4295865431
2417,,,4295865549
2418,,,4295864705
2419,1.0,4.917,4295865031
2420,,,4297222802
2421,,,5057798282
2422,1.0,0.5,5038044355
2423,,,5045916247
2424,,,4298008715
2425,,,4295870815
2426,,,5035171680
2427,,,5076359439
2428,,,5046663627
2429,,,5040952859
2430,,,5050707044
2431,,,5057819640
2432,,,5037082477
2433,,,4298128721
2434,,,5052135281
2435,,,5000030092
2436,,,5068332241
2437,,,5046440738
2438,,,5000057902
2439,,,4295884507
2440,,,4295884261
2441,,,4295884308
2442,,,4295884288
2443,,,4295883475
2444,,,4295883593
2445,,,4295883543
2446,,,5001150689
2447,,,4295883130
2448,,,4295883315
2449,,,4295883340
2450,,,4295884190
2451,,,4295883555
2452,,,4295883764
2453,,,4295884721
2454,,,4295884955
2455,,,4295884747
2456,,,5042958012
2457,,,5000737707
2458,,,5038049016
2459,,,5037450400
2460,1.0,33.508,4295884647
2461,,,5037143593
2462,,,5036761033
2463,,,5080075968
2464,,,5068933357
2465,,,5074857289
2466,,,4295885638
2467,,,4295885689
2468,,,4295885383
2469,,,5000013139
2470,,,4295885101
2471,,,4295903693
2472,,,4295886067
2473,,,4295886177
2474,,,4298008742
2475,,,4298240427
2476,,,4295886615
2477,,,4295886908
2478,,,4295886952
2479,,,4295886945
2480,,,4295886947
2481,,,5040255137
2482,,,4295887338
2483,,,4295887328
2484,,,4295887297
2485,,,4295887278
2486,,,4295887270
2487,,,4295887325
2488,,,4295887293
2489,,,4295887299
2490,,,4295887334
2491,,,4295887277
2492,,,4295887355
2493,,,4295887339
2494,,,4295887311
2495,,,4295887329
2496,,,4295887337
2497,,,4295887364
2498,,,4295887317
2499,,,4295887336
2500,,,4295887287
2501,,,4295887353
2502,,,4295887356
2503,,,4295887314
2504,,,4295887341
2505,,,4295887371
2506,,,4295887306
2507,,,4295887294
2508,,,4298007736
2509,,,4297876054
2510,,,4297918245
2511,,,4297987722
2512,,,5000432495
2513,,,5037928600
2514,,,4296453590
2515,,,4298459348
2516,,,5040438014
2517,,,5037818914
2518,,,5000073308
2519,,,5080055364
2520,,,5045517418
2521,,,5041757509
2522,,,5000052034
2523,,,4295890025
2524,,,4295890327
2525,,,4295889805
2526,,,4295889849
2527,,,4295889791
2528,,,4295887647
2529,,,4295887839
2530,,,4295887663
2531,,,5000050143
2532,,,4295892801
2533,,,4295892800
2534,1.0,11.712,4295893041
2535,,,4295892742
2536,,,4295893175
2537,,,4295893065
2538,,,4295892692
2539,,,4295892746
2540,1.0,3.728,4295892709
2541,,,4295892973
2542,,,4295892704
2543,,,4295892710
2544,,,4295892730
2545,,,4295892724
2546,,,4295892969
2547,,,4295892883
2548,,,4295892855
2549,,,4295892911
2550,,,4295892924
2551,,,4295893366
2552,,,4295893306
2553,,,4295893069
2554,,,4295893405
2555,,,4295893157
2556,,,4295893398
2557,,,4295893454
2558,,,5000045221
2559,,,5036162966
2560,,,4298077124
2561,,,5035305719
2562,,,5043334853
2563,,,5043334875
2564,,,5038911471
2565,,,5048739751
2566,,,5001110722
2567,,,5050699008
2568,,,5001110756
2569,,,5070506389
2570,,,5071514472
2571,,,5000011877
2572,,,5082464203
2573,,,5083862495
2574,,,4295893638
2575,,,4295893509
2576,,,4295893524
2577,,,4295893542
2578,,,4295893598
2579,,,4295893642
2580,,,4295893557
2581,,,4295893621
2582,,,4295893624
2583,,,4295893559
2584,,,4295893648
2585,,,4295893576
2586,,,4295893555
2587,,,4295893562
2588,,,4295893564
2589,,,4295893605
2590,,,4296199688
2591,,,4298248458
2592,,,4295892089
2593,,,4295891026
2594,,,4295892087
2595,,,4295891065
2596,,,4295891062
2597,,,4295891078
2598,,,4295892116
2599,,,4295890965
2600,,,4295891420
2601,,,5000464393
2602,,,4295892065
2603,,,4295891905
2604,,,5035468204
2605,,,4295891978
2606,,,5035251356
2607,,,4295891435
2608,,,4295903289
2609,,,4298036388
2610,,,4295901827
2611,,,4295903294
2612,,,4295903309
2613,,,5051045063
2614,,,4295903337
2615,,,4295911995
2616,,,4295903316
2617,,,4295916167
2618,,,4295903207
2619,,,4295903332
2620,,,4295903333
2621,,,4295903347
2622,,,4295903382
2623,,,4295903359
2624,,,4295905566
2625,,,5080022433
2626,,,4297038374
2627,,,4295903472
2628,,,4295903484
2629,,,5055424391
2630,,,4295903520
2631,,,4295903531
2632,,,4295903533
2633,,,4295908552
2634,,,4295912660
2635,,,4295908113
2636,,,5056728929
2637,,,4295903076
2638,,,4295905786
2639,,,4295903461
2640,,,4295903660
2641,,,4295899696
2642,,,4295912256
2643,,,5044099539
2644,,,4295912846
2645,,,4295903700
2646,,,4295903744
2647,,,5043986687
2648,1.0,26.324,8589934316
2649,,,4295903753
2650,,,5000589109
2651,,,4295884272
2652,,,4295905971
2653,,,5057764257
2654,,,4295903051
2655,,,4295903098
2656,,,4295908564
2657,,,5066581979
2658,,,5037134582
2659,,,4295903858
2660,,,5000047249
2661,,,5000626521
2662,,,4295903824
2663,,,4295903853
2664,,,4295906169
2665,,,4295912097
2666,,,4295902139
2667,,,5037314809
2668,,,5064610769
2669,,,4295903123
2670,,,4295906195
2671,,,5001437767
2672,,,5000296881
2673,,,5050895314
2674,,,4295912113
2675,,,4295903940
2676,,,4295903892
2677,,,4295903920
2678,,,5082090406
2679,,,4295900491
2680,,,4295904724
2681,,,4297595346
2682,,,5057833759
2683,,,4295903197
2684,,,4295902564
2685,,,4295912121
2686,,,4295903957
2687,1.0,0.5,4295899817
2688,,,4295903994
2689,,,4295910005
2690,,,4295903068
2691,,,5047750409
2692,,,4295908588
2693,,,5067491293
2694,,,5083504147
2695,,,5000469187
2696,,,4295903136
2697,,,4298546138
2698,,,5082447835
2699,,,5036381928
2700,,,4295904116
2701,,,4295904144
2702,,,4297525303
2703,,,4295903355
2704,,,4295912155
2705,1.0,15.281,4295904183
2706,,,4295906731
2707,,,5001210761
2708,,,4295904217
2709,,,4295900447
2710,,,5040060340
2711,,,4295906830
2712,,,5038915059
2713,1.0,29.375,4295903177
2714,,,4295913928
2715,,,5061450735
2716,,,5037929179
2717,,,5083440611
2718,,,4295884864
2719,,,4298010061
2720,,,4298464085
2721,,,5000803238
2722,1.0,41.813,5038908093
2723,1.0,24.056,4295903182
2724,,,5000100407
2725,,,5051774284
2726,,,4295908419
2727,,,4295903171
2728,,,5056412290
2729,,,4295900055
2730,,,4295856614
2731,,,4295904410
2732,,,5043335668
2733,,,5000069094
2734,,,4295902026
2735,,,5076109427
2736,,,4295905140
2737,,,5001438555
2738,,,4295904478
2739,,,5000111822
2740,,,4295899512
2741,,,4295904494
2742,,,4295856134
2743,,,4295903176
2744,,,4295904551
2745,,,4295902829
2746,,,5044505533
2747,,,8589934244
2748,,,5000274109
2749,,,4295904562
2750,,,4295904618
2751,,,4295911971
2752,,,4295904619
2753,,,5035414782
2754,,,4295907490
2755,,,4295904645
2756,,,4295904660
2757,,,4295907485
2758,,,5073113072
2759,,,4295912225
2760,,,4295907543
2761,,,5040945605
2762,,,5041065061
2763,,,4295912239
2764,,,4298015178
2765,,,5037128948
2766,,,5064623185
2767,,,5000007778
2768,,,4295869130
2769,1.0,60.125,4295903247
2770,,,4295904787
2771,,,4295905180
2772,,,4295903058
2773,,,4295904819
2774,,,5037344406
2775,,,4297288103
2776,,,5044250385
2777,,,4295901424
2778,,,4295904898
2779,,,4295904901
2780,1.0,22.536,4295908680
2781,,,5044027756
2782,,,4295863394
2783,,,4297906412
2784,,,4295904946
2785,,,4297157941
2786,,,4295915088
2787,,,5001181437
2788,,,5001158057
2789,,,4295912294
2790,,,4295905048
2791,,,4297089638
2792,,,4295905063
2793,,,5079228126
2794,,,4295905064
2795,,,5000684484
2796,,,5033074099
2797,,,4295905105
2798,,,4295913094
2799,,,4295904877
2800,1.0,3.225,4295903505
2801,,,4298095779
2802,,,4295912310
2803,,,5000054762
2804,1.0,34.375,4295905197
2805,,,4295905198
2806,,,4295908715
2807,,,5037318614
2808,,,4295907347
2809,,,4295905346
2810,1.0,18.667,5043951500
2811,,,4295908449
2812,,,4295900037
2813,,,4295905337
2814,,,4295905343
2815,,,4295906086
2816,,,5051778285
2817,,,4295908523
2818,,,4295903020
2819,,,5041798671
2820,,,4295889096
2821,,,4298016482
2822,,,4295888496
2823,,,4295889091
2824,,,4295888607
2825,,,4295888400
2826,,,4295888393
2827,,,4295888517
2828,,,5071525610
2829,,,5066538343
2830,,,5081150958
