,identifier,average_asset_impact_assignment_asset,total_asset_impact_assignment_asset,asset_impact_assignment_count_asset
0,8589934296,0.0,0.0,0.0
1,4295859071,0.0,0.0,0.0
2,4295857388,0.0,0.0,0.0
3,5083687566,0.0,0.0,0.0
4,4296075611,0.0,0.0,0.0
5,4295856631,0.0,0.0,0.0
6,4295856963,0.0,0.0,0.0
7,4295857695,0.0,0.0,0.0
8,4295856855,0.0,0.0,0.0
9,4295857514,0.0,0.0,0.0
10,5066577142,0.0,0.0,0.0
11,4295857116,0.0,0.0,0.0
12,4295857172,0.0,0.0,0.0
13,4295857423,0.0,0.0,0.0
14,4296631426,0.0,0.0,0.0
15,4295856807,0.0,0.0,0.0
16,4295858622,0.0,0.0,0.0
17,4295858616,0.0,0.0,0.0
18,4295856734,0.0,0.0,0.0
19,4295856238,0.0,0.0,0.0
20,4295858070,0.0,0.0,0.0
21,5043128493,0.0,0.0,0.0
22,4295857466,0.0,0.0,0.0
23,5000042116,0.0,0.0,0.0
24,4295856965,0.0,0.0,0.0
25,4295856256,0.0,0.0,0.0
26,5035081624,0.0,0.0,0.0
27,5047641624,0.0,0.0,0.0
28,4295857467,0.0,0.0,0.0
29,5037652522,0.0,0.0,0.0
30,4295857398,0.0,0.0,0.0
31,4298537832,0.0,0.0,0.0
32,4295859313,0.0,0.0,0.0
33,4295859236,0.0,0.0,0.0
34,5000062813,0.0,0.0,0.0
35,4295859347,0.0,0.0,0.0
36,4295859517,0.0,0.0,0.0
37,4295912518,0.0,0.0,0.0
38,5000033016,0.0,0.0,0.0
39,4295911983,0.0,0.0,0.0
40,4298355786,0.0,0.0,0.0
41,4298068046,0.0,0.0,0.0
42,4295859896,0.0,0.0,0.0
43,5038060075,0.0,0.0,0.0
44,4295860047,0.0,0.0,0.0
45,4295859955,0.0,0.0,0.0
46,4296394222,0.0,0.0,0.0
47,4295860016,0.0,0.0,0.0
48,4295860312,0.0,0.0,0.0
49,5044510870,0.0,0.0,0.0
50,4297927148,0.0,0.0,0.0
51,4295859847,0.0,0.0,0.0
52,5069412925,0.0,0.0,0.0
53,4295860134,0.0,0.0,0.0
54,5001310980,0.0,0.0,0.0
55,4295859895,0.0,0.0,0.0
56,4295860372,0.0,0.0,0.0
57,5000199270,0.0,0.0,0.0
58,4295860267,0.0,0.0,0.0
59,4295859975,0.0,0.0,0.0
60,4295859789,0.0,0.0,0.0
61,5087096947,0.0,0.0,0.0
62,4295863289,0.0,0.0,0.0
63,4295860591,0.0,0.0,0.0
64,5071533245,0.0,0.0,0.0
65,5073777894,0.0,0.0,0.0
66,4295860622,0.0,0.0,0.0
67,4295861259,0.0,0.0,0.0
68,4295860405,0.0,0.0,0.0
69,4295862641,0.0,0.0,0.0
70,4295861824,0.0,0.0,0.0
71,5037849099,0.0,0.0,0.0
72,5037087415,0.0,0.0,0.0
73,4295861298,0.0,0.0,0.0
74,4295862177,0.0,0.0,0.0
75,5046039803,0.0,0.0,0.0
76,4295861818,0.0,0.0,0.0
77,4295863147,0.0,0.0,0.0
78,5059040572,0.0,0.0,0.0
79,4295860615,0.0,0.0,0.0
80,5046709166,0.0,0.0,0.0
81,4295862164,0.0,0.0,0.0
82,5067495779,0.0,0.0,0.0
83,4295862990,0.0,0.0,0.0
84,4295862452,0.0,0.0,0.0
85,4295860619,0.0,0.0,0.0
86,5000000011,0.0,0.0,0.0
87,4295862758,0.0,0.0,0.0
88,4295860645,0.0,0.0,0.0
89,4295862531,0.0,0.0,0.0
90,5059998878,0.0,0.0,0.0
91,4295862149,0.0,0.0,0.0
92,5064654401,0.0,0.0,0.0
93,4295860768,0.0,0.0,0.0
94,4295861397,0.0,0.0,0.0
95,4295862027,0.0,0.0,0.0
96,5043951565,0.0,0.0,0.0
97,4295861153,0.0,0.0,0.0
98,4295860741,0.0,0.0,0.0
99,5001433891,0.0,0.0,0.0
100,4295861241,0.0,0.0,0.0
101,4295861718,0.0,0.0,0.0
102,5035151221,0.0,0.0,0.0
103,4295861160,0.0,0.0,0.0
104,4295861389,0.0,0.0,0.0
105,5040932239,0.0,0.0,0.0
106,5050998097,0.0,0.0,0.0
107,5081177311,0.0,0.0,0.0
108,4295862991,0.0,0.0,0.0
109,4295890694,0.0,0.0,0.0
110,4295890615,0.0,0.0,0.0
111,4295890660,0.0,0.0,0.0
112,4295890655,0.0,0.0,0.0
113,4295890924,0.0,0.0,0.0
114,4295890628,0.0,0.0,0.0
115,4295890594,0.0,0.0,0.0
116,4295890511,0.0,0.0,0.0
117,4295890743,0.0,0.0,0.0
118,4295890627,0.0,0.0,0.0
119,4295890764,0.0,0.0,0.0
120,4295890673,0.0,0.0,0.0
121,4295890944,0.0,0.0,0.0
122,4295890779,0.0,0.0,0.0
123,5000073739,0.0,0.0,0.0
124,4295890631,0.0,0.0,0.0
125,4295890664,0.0,0.0,0.0
126,4295890536,0.0,0.0,0.0
127,4295890739,0.0,0.0,0.0
128,4295890634,0.0,0.0,0.0
129,5000709065,0.0,0.0,0.0
130,4295901889,0.0,0.0,0.0
131,4295913863,0.0,0.0,0.0
132,5001738799,0.0,0.0,0.0
133,5036198012,0.0,0.0,0.0
134,5036383104,0.0,0.0,0.0
135,4295890532,0.0,0.0,0.0
136,5043337560,0.0,0.0,0.0
137,5050658104,0.0,0.0,0.0
138,4295890584,0.0,0.0,0.0
139,4295890966,0.0,0.0,0.0
140,5000059118,0.0,0.0,0.0
141,5083481739,0.0,0.0,0.0
142,4295890647,0.0,0.0,0.0
143,4295863527,0.0,0.0,0.0
144,4295863334,0.0,0.0,0.0
145,5050705971,0.0,0.0,0.0
146,4295863540,0.0,0.0,0.0
147,4295863439,0.0,0.0,0.0
148,4295863513,0.0,0.0,0.0
149,4295863358,0.0,0.0,0.0
150,4295863430,0.0,0.0,0.0
151,4295865713,0.0,0.0,0.0
152,4295865759,0.0,0.0,0.0
153,4295865863,0.0,0.0,0.0
154,4297301555,0.0,0.0,0.0
155,4295869482,0.0,0.0,0.0
156,4295870093,0.0,0.0,0.0
157,4295869983,0.0,0.0,0.0
158,5001439044,0.0,0.0,0.0
159,4295869203,0.0,0.0,0.0
160,5050710924,0.0,0.0,0.0
161,5000010681,0.0,0.0,0.0
162,4295870111,0.0,0.0,0.0
163,4295868979,0.0,0.0,0.0
164,4295869315,0.0,0.0,0.0
165,4295870171,0.0,0.0,0.0
166,4295868986,0.0,0.0,0.0
167,5046707762,0.0,0.0,0.0
168,5059963032,0.0,0.0,0.0
169,5063761614,0.0,0.0,0.0
170,5057957727,0.0,0.0,0.0
171,4295869167,0.0,0.0,0.0
172,5038054895,0.0,0.0,0.0
173,4296750143,0.0,0.0,0.0
174,5043464296,0.0,0.0,0.0
175,4295866057,0.0,0.0,0.0
176,4295865965,0.0,0.0,0.0
177,4295866092,0.0,0.0,0.0
178,5001189472,0.0,0.0,0.0
179,4295866111,0.0,0.0,0.0
180,4295865868,0.0,0.0,0.0
181,4295866001,0.0,0.0,0.0
182,5044623340,0.0,0.0,0.0
183,5000724903,0.0,0.0,0.0
184,4295889577,0.0,0.0,0.0
185,8589934205,0.0,0.0,0.0
186,4295889287,0.0,0.0,0.0
187,4295889572,0.0,0.0,0.0
188,4295889432,0.0,0.0,0.0
189,4295889547,0.0,0.0,0.0
190,4295889513,0.0,0.0,0.0
191,4295866517,0.0,0.0,0.0
192,4295866556,0.0,0.0,0.0
193,5000040066,0.0,0.0,0.0
194,4295866401,0.0,0.0,0.0
195,4295866566,0.0,0.0,0.0
196,5060588378,0.0,0.0,0.0
197,4295868250,0.0,0.0,0.0
198,8589934312,0.0,0.0,0.0
199,4295866721,0.0,0.0,0.0
200,4295868440,0.0,0.0,0.0
201,4295867087,0.0,0.0,0.0
202,4295866751,0.0,0.0,0.0
203,4295867384,0.0,0.0,0.0
204,4295866829,0.0,0.0,0.0
205,4295867226,0.0,0.0,0.0
206,4295867940,0.0,0.0,0.0
207,4295866614,0.0,0.0,0.0
208,4295867261,0.0,0.0,0.0
209,4295866885,0.0,0.0,0.0
210,4295866923,0.0,0.0,0.0
211,4295866940,0.0,0.0,0.0
212,4295867473,0.0,0.0,0.0
213,4295867362,0.0,0.0,0.0
214,4298431423,0.0,0.0,0.0
215,4295867220,0.0,0.0,0.0
216,4295867188,0.0,0.0,0.0
217,4295867230,0.0,0.0,0.0
218,4295866610,0.0,0.0,0.0
219,4295868416,0.0,0.0,0.0
220,5000034874,0.0,0.0,0.0
221,4295867415,0.0,0.0,0.0
222,4295867555,0.0,0.0,0.0
223,4295866806,0.0,0.0,0.0
224,4295868520,0.0,0.0,0.0
225,4295868617,0.0,0.0,0.0
226,4295868297,0.0,0.0,0.0
227,5000759495,0.0,0.0,0.0
228,4296992313,0.0,0.0,0.0
229,5000073706,0.0,0.0,0.0
230,4296496298,0.0,0.0,0.0
231,5037433929,0.0,0.0,0.0
232,4295867357,0.0,0.0,0.0
233,4295867367,0.0,0.0,0.0
234,4295898060,0.0,0.0,0.0
235,4295894951,0.0,0.0,0.0
236,4295894791,0.0,0.0,0.0
237,8589934275,0.0,0.0,0.0
238,4295894968,0.0,0.0,0.0
239,4295894824,0.0,0.0,0.0
240,4295898928,0.0,0.0,0.0
241,4295894483,0.0,0.0,0.0
242,4295895197,0.0,0.0,0.0
243,4295894341,0.0,0.0,0.0
244,4295895409,0.0,0.0,0.0
245,4295896316,0.0,0.0,0.0
246,4295897734,0.0,0.0,0.0
247,4295895761,0.0,0.0,0.0
248,4295895853,0.0,0.0,0.0
249,4295895145,0.0,0.0,0.0
250,4295897802,0.0,0.0,0.0
251,4295894725,0.0,0.0,0.0
252,4295894970,0.0,0.0,0.0
253,4295894497,0.0,0.0,0.0
254,4295897408,0.0,0.0,0.0
255,4295894770,0.0,0.0,0.0
256,4295896619,0.0,0.0,0.0
257,4295894799,0.0,0.0,0.0
258,4295894303,0.0,0.0,0.0
259,4295895196,0.0,0.0,0.0
260,4295895807,0.0,0.0,0.0
261,4295894769,0.0,0.0,0.0
262,5000039682,0.0,0.0,0.0
263,4295895174,0.0,0.0,0.0
264,5033562382,0.0,0.0,0.0
265,4295898763,0.0,0.0,0.0
266,4295895403,0.0,0.0,0.0
267,5046625212,0.0,0.0,0.0
268,4295897744,0.0,0.0,0.0
269,4295894762,0.0,0.0,0.0
270,5021764927,0.0,0.0,0.0
271,5080166826,0.0,0.0,0.0
272,4295895258,0.0,0.0,0.0
273,4295893899,0.0,0.0,0.0
274,4295894669,0.0,0.0,0.0
275,5044095778,0.0,0.0,0.0
276,5081488120,0.0,0.0,0.0
277,4295895781,0.0,0.0,0.0
278,4295895179,0.0,0.0,0.0
279,5045390794,0.0,0.0,0.0
280,4295895028,0.0,0.0,0.0
281,4295870369,0.0,0.0,0.0
282,4295870479,0.0,0.0,0.0
283,4295870482,0.0,0.0,0.0
284,8589934297,0.0,0.0,0.0
285,4295870463,0.0,0.0,0.0
286,4295870773,0.0,0.0,0.0
287,4295870585,0.0,0.0,0.0
288,4295872091,0.0,0.0,0.0
289,4295872083,0.0,0.0,0.0
290,4295874561,0.0,0.0,0.0
291,4295874338,0.0,0.0,0.0
292,4295874388,0.0,0.0,0.0
293,4295874492,0.0,0.0,0.0
294,4295874596,0.3333333333333333,1.0,1.0
295,4295874754,0.0,0.0,0.0
296,5000715289,0.0,0.0,0.0
297,4295874766,0.0,0.0,0.0
298,4295874370,0.0,0.0,0.0
299,4298130680,0.0,0.0,0.0
300,4298117011,0.0,0.0,0.0
301,4295874502,0.0,0.0,0.0
302,5045048842,0.0,0.0,0.0
303,4295874865,0.0,0.0,0.0
304,4295874927,0.0,0.0,0.0
305,4295874828,0.0,0.0,0.0
306,4295874981,0.0,0.0,0.0
307,4295903017,0.0,0.0,0.0
308,4297329846,0.0,0.0,0.0
309,5037629126,0.0,0.0,0.0
310,5056415510,0.0,0.0,0.0
311,4295899509,0.0,0.0,0.0
312,5059082241,0.0,0.0,0.0
313,5040047599,0.0,0.0,0.0
314,5000668795,0.0,0.0,0.0
315,5080057609,0.0,0.0,0.0
316,5073798739,0.0,0.0,0.0
317,5040925358,0.0,0.0,0.0
318,5043331632,0.0,0.0,0.0
319,4295873661,0.0,0.0,0.0
320,4295872682,0.0,0.0,0.0
321,5000608755,0.0,0.0,0.0
322,4295873051,0.0,0.0,0.0
323,5000835277,0.0,0.0,0.0
324,4295872847,0.0,0.0,0.0
325,4295872929,0.0,0.0,0.0
326,4295873625,0.0,0.0,0.0
327,4295873232,0.0,0.0,0.0
328,4295873594,0.0,0.0,0.0
329,4295872971,0.0,0.0,0.0
330,4295873244,0.0,0.0,0.0
331,4295872683,0.0,0.0,0.0
332,4295873809,0.0,0.0,0.0
333,4295873048,0.0,0.0,0.0
334,5079547017,0.0,0.0,0.0
335,4295873558,0.0,0.0,0.0
336,4295872420,0.0,0.0,0.0
337,4295872868,0.0,0.0,0.0
338,4295873612,0.0,0.0,0.0
339,4295872671,0.0,0.0,0.0
340,4295873358,0.0,0.0,0.0
341,4295873522,0.0,0.0,0.0
342,4295873072,0.0,0.0,0.0
343,4295872567,0.0,0.0,0.0
344,5000057319,0.0,0.0,0.0
345,4295872666,0.0,0.0,0.0
346,4295873645,0.0,0.0,0.0
347,4295873151,0.0,0.0,0.0
348,5039727858,0.0,0.0,0.0
349,4295873581,0.0,0.0,0.0
350,4297831382,0.0,0.0,0.0
351,4296029025,0.0,0.0,0.0
352,4295872261,0.0,0.0,0.0
353,4295872395,0.0,0.0,0.0
354,4295873131,0.0,0.0,0.0
355,4295873230,0.0,0.0,0.0
356,4295873541,0.0,0.0,0.0
357,4295872955,0.0,0.0,0.0
358,4295873286,0.0,0.0,0.0
359,4295872608,0.0,0.0,0.0
360,4295872857,0.0,0.0,0.0
361,4295873497,0.0,0.0,0.0
362,5044314714,0.0,0.0,0.0
363,4295873315,0.0,0.0,0.0
364,4295872463,0.0,0.0,0.0
365,5048228147,0.0,0.0,0.0
366,4295873022,0.0,0.0,0.0
367,4295872481,0.0,0.0,0.0
368,4298355438,0.0,0.0,0.0
369,4295872905,0.0,0.0,0.0
370,4295872495,0.0,0.0,0.0
371,4295872442,0.0,0.0,0.0
372,4295872706,0.0,0.0,0.0
373,4295873970,0.0,0.0,0.0
374,4297771460,0.0,0.0,0.0
375,4295872275,0.0,0.0,0.0
376,4295873396,0.0,0.0,0.0
377,5046390743,0.0,0.0,0.0
378,4295872801,0.0,0.0,0.0
379,4296345744,0.0,0.0,0.0
380,4295872797,0.0,0.0,0.0
381,4298361764,0.0,0.0,0.0
382,4295873450,0.0,0.0,0.0
383,4295872223,0.0,0.0,0.0
384,4295873455,0.0,0.0,0.0
385,4295874136,0.0,0.0,0.0
386,4295872667,0.0,0.0,0.0
387,4295873624,0.0,0.0,0.0
388,4297019576,0.0,0.0,0.0
389,4295873383,0.0,0.0,0.0
390,4295873204,0.0,0.0,0.0
391,5000846144,0.0,0.0,0.0
392,4295873703,0.0,0.0,0.0
393,4298490816,0.0,0.0,0.0
394,4295873290,0.0,0.0,0.0
395,4295994245,0.0,0.0,0.0
396,4297996629,0.0,0.0,0.0
397,4295873248,0.0,0.0,0.0
398,4295874156,0.0,0.0,0.0
399,4295873600,0.0,0.0,0.0
400,4295872981,0.0,0.0,0.0
401,5000065770,0.0,0.0,0.0
402,4298008737,0.0,0.0,0.0
403,4298491642,0.0,0.0,0.0
404,5036184241,0.0,0.0,0.0
405,4295875714,0.0,0.0,0.0
406,4295875731,0.0,0.0,0.0
407,5000042928,0.0,0.0,0.0
408,4295875798,0.0,0.0,0.0
409,4295875832,0.0,0.0,0.0
410,4295875399,0.0,0.0,0.0
411,4295875484,0.0,0.0,0.0
412,4295875844,0.0,0.0,0.0
413,4296974975,0.0,0.0,0.0
414,5045517782,0.0,0.0,0.0
415,4295875726,0.0,0.0,0.0
416,5035155584,0.0,0.0,0.0
417,5037958512,0.0,0.0,0.0
418,5064691048,0.0,0.0,0.0
419,5068481270,0.0,0.0,0.0
420,4295878407,0.0,0.0,0.0
421,4295878402,0.0,0.0,0.0
422,4295878450,0.0,0.0,0.0
423,5046662606,0.0,0.0,0.0
424,4295876559,0.0,0.0,0.0
425,4295880380,0.0,0.0,0.0
426,4295877401,0.0,0.0,0.0
427,4295878485,0.0,0.0,0.0
428,5040060532,0.0,0.0,0.0
429,4295880516,0.0,0.0,0.0
430,4295876894,0.0,0.0,0.0
431,5000060796,0.0,0.0,0.0
432,4295878790,0.0,0.0,0.0
433,4295880332,0.0,0.0,0.0
434,5000663094,0.0,0.0,0.0
435,4295878674,0.0,0.0,0.0
436,4298007773,0.0,0.0,0.0
437,4295880166,0.0,0.0,0.0
438,5000073379,0.0,0.0,0.0
439,4295880610,0.0,0.0,0.0
440,4295877869,0.0,0.0,0.0
441,4295877874,0.0,0.0,0.0
442,4295877273,0.0,0.0,0.0
443,4295876936,0.0,0.0,0.0
444,4295880530,0.0,0.0,0.0
445,4295880697,0.0,0.0,0.0
446,4295880528,0.0,0.0,0.0
447,4298069335,0.0,0.0,0.0
448,4295877156,0.0,0.0,0.0
449,4295877413,0.0,0.0,0.0
450,4295876913,0.0,0.0,0.0
451,4295877429,0.0,0.0,0.0
452,5000002397,0.0,0.0,0.0
453,4295880544,0.0,0.0,0.0
454,4295877395,0.0,0.0,0.0
455,4295877744,0.0,0.0,0.0
456,4295876890,0.0,0.0,0.0
457,4295875973,0.0,0.0,0.0
458,5047749911,0.0,0.0,0.0
459,4295880440,0.0,0.0,0.0
460,5000448124,0.0,0.0,0.0
461,4295876951,0.0,0.0,0.0
462,4295877089,0.0,0.0,0.0
463,5082913340,0.0,0.0,0.0
464,4295877428,0.0,0.0,0.0
465,4295880695,0.0,0.0,0.0
466,4295876953,0.0,0.0,0.0
467,4295876646,0.0,0.0,0.0
468,4295880698,0.0,0.0,0.0
469,4295880522,0.0,0.0,0.0
470,4295875926,0.0,0.0,0.0
471,4295876130,0.0,0.0,0.0
472,4295877430,0.0,0.0,0.0
473,5000000997,0.0,0.0,0.0
474,4295880690,0.0,0.0,0.0
475,4295879777,0.0,0.0,0.0
476,4295877392,0.0,0.0,0.0
477,4295879828,0.0,0.0,0.0
478,4295877928,0.0,0.0,0.0
479,4295880490,0.0,0.0,0.0
480,4295880494,0.0,0.0,0.0
481,4295880812,0.0,0.0,0.0
482,4295876961,0.0,0.0,0.0
483,4295880344,0.0,0.0,0.0
484,4295876100,0.0,0.0,0.0
485,4295880577,0.0,0.0,0.0
486,4295877659,0.0,0.0,0.0
487,4295878091,0.0,0.0,0.0
488,4295878431,0.0,0.0,0.0
489,4295880501,0.0,0.0,0.0
490,4295876861,0.0,0.0,0.0
491,4295880487,0.0,0.0,0.0
492,4295876884,0.0,0.0,0.0
493,4295880504,0.0,0.0,0.0
494,4295876960,0.0,0.0,0.0
495,5000001896,0.0,0.0,0.0
496,4295877478,0.0,0.0,0.0
497,4295878523,0.0,0.0,0.0
498,4295880644,0.0,0.0,0.0
499,4295876950,0.0,0.0,0.0
500,4295877505,0.0,0.0,0.0
501,4295875908,0.0,0.0,0.0
502,4295877420,0.0,0.0,0.0
503,4295880696,0.0,0.0,0.0
504,4295878807,0.0,0.0,0.0
505,4295878265,0.0,0.0,0.0
506,4295877182,0.0,0.0,0.0
507,4295877859,0.0,0.0,0.0
508,4295876922,0.0,0.0,0.0
509,4295877240,0.0,0.0,0.0
510,4295878899,0.0,0.0,0.0
511,4295880559,0.0,0.0,0.0
512,4295879813,0.0,0.0,0.0
513,4295877357,0.0,0.0,0.0
514,4295876533,0.0,0.0,0.0
515,4295880685,0.0,0.0,0.0
516,4295880671,0.0,0.0,0.0
517,4295878856,0.0,0.0,0.0
518,5000022643,0.0,0.0,0.0
519,4295877096,0.0,0.0,0.0
520,4295876067,0.0,0.0,0.0
521,4298187707,0.0,0.0,0.0
522,8589934237,0.0,0.0,0.0
523,4295878436,0.0,0.0,0.0
524,4295880820,0.0,0.0,0.0
525,4295877178,0.0,0.0,0.0
526,4295877616,0.0,0.0,0.0
527,5000001016,0.0,0.0,0.0
528,4295877332,0.0,0.0,0.0
529,4295877325,0.0,0.0,0.0
530,4295878511,0.0,0.0,0.0
531,4295877191,0.0,0.0,0.0
532,4295877366,0.0,0.0,0.0
533,4295877398,0.0,0.0,0.0
534,4295877355,0.0,0.0,0.0
535,4295880496,0.0,0.0,0.0
536,4295880562,0.0,0.0,0.0
537,4296320095,0.0,0.0,0.0
538,5000058303,0.0,0.0,0.0
539,4295876948,0.0,0.0,0.0
540,4295877797,0.0,0.0,0.0
541,4295877318,0.0,0.0,0.0
542,4295877485,0.0,0.0,0.0
543,4295880543,0.0,0.0,0.0
544,4295879814,0.0,0.0,0.0
545,4295878505,0.0,0.0,0.0
546,4295880607,0.0,0.0,0.0
547,4295878766,0.0,0.0,0.0
548,4295878477,0.0,0.0,0.0
549,4295880542,0.0,0.0,0.0
550,4295880570,0.0,0.0,0.0
551,4295880549,0.0,0.0,0.0
552,5000000933,0.0,0.0,0.0
553,4295878046,0.0,0.0,0.0
554,4295878784,0.0,0.0,0.0
555,4295878534,0.0,0.0,0.0
556,4295878040,0.0,0.0,0.0
557,4295876965,0.0,0.0,0.0
558,4295877223,0.0,0.0,0.0
559,4295878909,0.0,0.0,0.0
560,4297836741,0.0,0.0,0.0
561,4295878521,0.0,0.0,0.0
562,4295880372,0.0,0.0,0.0
563,4295880116,0.0,0.0,0.0
564,5000016754,0.0,0.0,0.0
565,4295877489,0.0,0.0,0.0
566,4295879042,0.0,0.0,0.0
567,4295881557,0.0,0.0,0.0
568,4295882081,0.0,0.0,0.0
569,4295881619,0.0,0.0,0.0
570,4295881554,0.0,0.0,0.0
571,4295880893,0.0,0.0,0.0
572,4295881084,0.0,0.0,0.0
573,4295881548,0.0,0.0,0.0
574,4295881204,0.0,0.0,0.0
575,4295881057,0.0,0.0,0.0
576,4295882451,0.0,0.0,0.0
577,4295881164,0.0,0.0,0.0
578,4295881194,0.0,0.0,0.0
579,4295880956,0.0,0.0,0.0
580,4295881235,0.0,0.0,0.0
581,4295882105,0.0,0.0,0.0
582,4295882010,0.0,0.0,0.0
583,4295881575,0.0,0.0,0.0
584,4295881473,0.0,0.0,0.0
585,5000058587,0.0,0.0,0.0
586,4295881647,0.0,0.0,0.0
587,4295882039,0.0,0.0,0.0
588,4295881967,0.0,0.0,0.0
589,5000002354,0.0,0.0,0.0
590,4295881801,0.0,0.0,0.0
591,4295882057,0.0,0.0,0.0
592,4295880996,0.0,0.0,0.0
593,4298518644,0.0,0.0,0.0
594,4295882012,0.0,0.0,0.0
595,4295882311,0.0,0.0,0.0
596,4295881898,0.0,0.0,0.0
597,4295881970,0.0,0.0,0.0
598,4295882058,0.0,0.0,0.0
599,4295881976,0.0,0.0,0.0
600,5000076514,0.0,0.0,0.0
601,4295882372,0.0,0.0,0.0
602,4295881039,0.0,0.0,0.0
603,4295882001,0.0,0.0,0.0
604,4295882551,0.0,0.0,0.0
605,4295882718,0.0,0.0,0.0
606,4295882465,0.0,0.0,0.0
607,4295882291,0.0,0.0,0.0
608,4295881997,0.0,0.0,0.0
609,5000805170,0.0,0.0,0.0
610,5035094574,0.0,0.0,0.0
611,5037850179,0.0,0.0,0.0
612,5035458824,0.0,0.0,0.0
613,5042269104,0.0,0.0,0.0
614,5051005999,0.0,0.0,0.0
615,5036779363,0.0,0.0,0.0
616,5061204125,0.0,0.0,0.0
617,5056396714,0.0,0.0,0.0
618,5067500816,0.0,0.0,0.0
619,5036772845,0.0,0.0,0.0
620,5070508789,0.0,0.0,0.0
621,4296164279,0.0,0.0,0.0
622,5079221808,0.0,0.0,0.0
623,5081487133,0.0,0.0,0.0
624,5001226017,0.0,0.0,0.0
625,5035313533,0.0,0.0,0.0
626,5035745657,0.0,0.0,0.0
627,4297885323,0.0,0.0,0.0
628,4295900973,0.0,0.0,0.0
629,4298074526,0.0,0.0,0.0
630,4295884351,0.0,0.0,0.0
631,4295884344,0.0,0.0,0.0
632,4295884368,0.0,0.0,0.0
633,4295884319,0.0,0.0,0.0
634,4295884274,0.0,0.0,0.0
635,4295884540,0.0,0.0,0.0
636,4296608184,0.0,0.0,0.0
637,5033562161,0.0,0.0,0.0
638,4295884284,0.0,0.0,0.0
639,4295884333,0.0,0.0,0.0
640,4295884300,0.0,0.0,0.0
641,4295884395,0.0,0.0,0.0
642,4295884321,0.0,0.0,0.0
643,4295884382,0.0,0.0,0.0
644,4295884506,0.0,0.0,0.0
645,4295884360,0.0,0.0,0.0
646,4295883135,0.0,0.0,0.0
647,4295883663,0.0,0.0,0.0
648,4298219772,0.0,0.0,0.0
649,4295884238,0.0,0.0,0.0
650,4295884204,0.0,0.0,0.0
651,4295883100,0.0,0.0,0.0
652,4295883331,0.0,0.0,0.0
653,4295883159,0.0,0.0,0.0
654,5000046644,0.0,0.0,0.0
655,4295883085,0.0,0.0,0.0
656,4295883150,0.0,0.0,0.0
657,4295883091,0.0,0.0,0.0
658,4295883826,0.0,0.0,0.0
659,5000835890,0.0,0.0,0.0
660,4298041637,0.0,0.0,0.0
661,5068473158,0.0,0.0,0.0
662,4295883291,0.0,0.0,0.0
663,4295883279,0.0,0.0,0.0
664,5000471355,0.0,0.0,0.0
665,4295883746,0.0,0.0,0.0
666,4295883487,0.0,0.0,0.0
667,5056434400,0.0,0.0,0.0
668,5035307122,0.0,0.0,0.0
669,4295884808,0.0,0.0,0.0
670,4295884844,0.0,0.0,0.0
671,4295884692,0.0,0.0,0.0
672,4295867372,0.0,0.0,0.0
673,4295884627,0.0,0.0,0.0
674,4295884738,0.0,0.0,0.0
675,4295884546,0.0,0.0,0.0
676,4298475354,0.0,0.0,0.0
677,4295884869,0.0,0.0,0.0
678,5039844145,0.0,0.0,0.0
679,5044200057,0.0,0.0,0.0
680,5000263797,0.0,0.0,0.0
681,5000757618,0.0,0.0,0.0
682,5048024162,0.0,0.0,0.0
683,4295884672,0.0,0.0,0.0
684,5052536757,0.0,0.0,0.0
685,4295884730,0.0,0.0,0.0
686,5001167004,0.0,0.0,0.0
687,5062073775,0.0,0.0,0.0
688,5043319761,0.0,0.0,0.0
689,5080151828,0.0,0.0,0.0
690,5083461547,0.0,0.0,0.0
691,4295885408,0.0,0.0,0.0
692,4295885483,0.0,0.0,0.0
693,4295885572,0.0,0.0,0.0
694,4295885456,0.0,0.0,0.0
695,5000042454,0.0,0.0,0.0
696,4295885702,0.0,0.0,0.0
697,5001181730,0.0,0.0,0.0
698,5067839661,0.0,0.0,0.0
699,4295885127,0.0,0.0,0.0
700,4295885237,0.0,0.0,0.0
701,4296109900,0.0,0.0,0.0
702,4296608799,0.0,0.0,0.0
703,4295885015,0.0,0.0,0.0
704,4295885076,0.0,0.0,0.0
705,4295886209,0.0,0.0,0.0
706,4295886255,0.0,0.0,0.0
707,4295886362,0.0,0.0,0.0
708,4295886326,0.0,0.0,0.0
709,5000066211,0.0,0.0,0.0
710,4295886348,0.0,0.0,0.0
711,4295886136,0.0,0.0,0.0
712,4295886268,0.0,0.0,0.0
713,4295886343,0.0,0.0,0.0
714,4298095588,0.0,0.0,0.0
715,4295886112,0.0,0.0,0.0
716,4295886205,0.0,0.0,0.0
717,4295886118,0.0,0.0,0.0
718,4295886385,0.0,0.0,0.0
719,4295886478,0.0,0.0,0.0
720,5039189248,0.0,0.0,0.0
721,4295886468,0.0,0.0,0.0
722,4295886699,0.0,0.0,0.0
723,4295886555,0.0,0.0,0.0
724,4295886575,0.0,0.0,0.0
725,4295886629,0.0,0.0,0.0
726,4296331194,0.0,0.0,0.0
727,4295886834,0.0,0.0,0.0
728,4295886732,0.0,0.0,0.0
729,4295886931,0.0,0.0,0.0
730,4295886959,0.0,0.0,0.0
731,4295886939,0.0,0.0,0.0
732,4295886960,0.0,0.0,0.0
733,4295886938,0.0,0.0,0.0
734,4295886925,0.0,0.0,0.0
735,4295886955,0.0,0.0,0.0
736,4295886916,0.0,0.0,0.0
737,5001161721,0.0,0.0,0.0
738,4295890262,0.0,0.0,0.0
739,4295890329,0.0,0.0,0.0
740,4295890078,0.0,0.0,0.0
741,4295890008,0.0,0.0,0.0
742,4295890312,0.0,0.0,0.0
743,4295890182,0.0,0.0,0.0
744,4295889991,0.0,0.0,0.0
745,4295890024,0.0,0.0,0.0
746,8589934200,0.0,0.0,0.0
747,4295890335,0.0,0.0,0.0
748,4295889996,0.0,0.0,0.0
749,8589934289,0.0,0.0,0.0
750,4295890065,0.0,0.0,0.0
751,4295890323,0.0,0.0,0.0
752,4295889856,0.0,0.0,0.0
753,4295890290,0.0,0.0,0.0
754,4295890395,0.0,0.0,0.0
755,4295890156,0.0,0.0,0.0
756,4295890035,0.0,0.0,0.0
757,4295890339,0.0,0.0,0.0
758,8589934190,0.0,0.0,0.0
759,5052544698,0.0,0.0,0.0
760,4295890003,0.0,0.0,0.0
761,5045517379,0.0,0.0,0.0
762,5042940248,0.0,0.0,0.0
763,4298313842,0.0,0.0,0.0
764,4295889804,0.0,0.0,0.0
765,4295890097,0.0,0.0,0.0
766,4295889840,0.0,0.0,0.0
767,4295890141,0.0,0.0,0.0
768,5044344586,0.0,0.0,0.0
769,4295890013,0.0,0.0,0.0
770,4295890203,0.0,0.0,0.0
771,4295890178,0.0,0.0,0.0
772,5000049975,0.0,0.0,0.0
773,4295887379,0.0,0.0,0.0
774,4298007743,0.0,0.0,0.0
775,4295888106,0.0,0.0,0.0
776,5000074278,0.0,0.0,0.0
777,5000009200,0.0,0.0,0.0
778,4295887444,0.0,0.0,0.0
779,4295887845,0.0,0.0,0.0
780,4295888118,0.0,0.0,0.0
781,4295887834,0.0,0.0,0.0
782,4295887677,0.0,0.0,0.0
783,5000056385,0.0,0.0,0.0
784,4295887849,0.0,0.0,0.0
785,4295887850,0.0,0.0,0.0
786,5039682224,0.0,0.0,0.0
787,5064587290,0.0,0.0,0.0
788,5000005870,0.0,0.0,0.0
789,4295891064,0.0,0.0,0.0
790,4295892119,0.0,0.0,0.0
791,4295891294,0.0,0.0,0.0
792,4295891330,0.0,0.0,0.0
793,4295891518,0.0,0.0,0.0
794,4295891508,0.0,0.0,0.0
795,4295891102,0.0,0.0,0.0
796,4295891340,0.0,0.0,0.0
797,4295891357,0.0,0.0,0.0
798,4295891343,0.0,0.0,0.0
799,4295891735,0.0,0.0,0.0
800,4295891425,0.0,0.0,0.0
801,4295891506,0.0,0.0,0.0
802,4295892120,0.0,0.0,0.0
803,4295891582,0.0,0.0,0.0
804,4295892104,0.0,0.0,0.0
805,4295891534,0.0,0.0,0.0
806,4295891500,0.0,0.0,0.0
807,4295892127,0.0,0.0,0.0
808,4295891942,0.0,0.0,0.0
809,4295891823,0.0,0.0,0.0
810,4295892226,0.0,0.0,0.0
811,4295891641,0.0,0.0,0.0
812,4295890973,0.0,0.0,0.0
813,4295891739,0.0,0.0,0.0
814,4295891750,0.0,0.0,0.0
815,4295891056,0.0,0.0,0.0
816,4295891726,0.0,0.0,0.0
817,4295891515,0.0,0.0,0.0
818,4295892112,0.0,0.0,0.0
819,4295890992,0.0,0.0,0.0
820,4295891032,0.0,0.0,0.0
821,4295891563,0.0,0.0,0.0
822,4295892099,0.0,0.0,0.0
823,4295891740,0.0,0.0,0.0
824,4295891738,0.0,0.0,0.0
825,4295891741,0.0,0.0,0.0
826,4295891729,0.0,0.0,0.0
827,4295891733,0.0,0.0,0.0
828,4295891754,0.0,0.0,0.0
829,4295891777,0.0,0.0,0.0
830,4295891782,0.0,0.0,0.0
831,4295891775,0.0,0.0,0.0
832,4295891185,0.0,0.0,0.0
833,4295892665,0.0,0.0,0.0
834,4295891561,0.0,0.0,0.0
835,4295891687,0.0,0.0,0.0
836,4295891767,0.0,0.0,0.0
837,4295891683,0.0,0.0,0.0
838,4295890996,0.0,0.0,0.0
839,4295892600,0.0,0.0,0.0
840,4295892285,0.0,0.0,0.0
841,4298010164,0.0,0.0,0.0
842,5000042263,0.0,0.0,0.0
843,5063641915,0.0,0.0,0.0
844,4295891757,0.0,0.0,0.0
845,5000431932,0.0,0.0,0.0
846,4295892129,0.0,0.0,0.0
847,5000062256,0.0,0.0,0.0
848,5036890083,0.0,0.0,0.0
849,5038031804,0.0,0.0,0.0
850,4297703294,0.0,0.0,0.0
851,5037366205,0.0,0.0,0.0
852,5056393183,0.0,0.0,0.0
853,4295892214,0.0,0.0,0.0
854,5043415252,0.0,0.0,0.0
855,4295891367,0.0,0.0,0.0
856,4295891333,0.0,0.0,0.0
857,4295891368,0.0,0.0,0.0
858,4295903261,0.0,0.0,0.0
859,4295904853,0.0,0.0,0.0
860,4295903265,0.0,0.0,0.0
861,5037613143,0.0,0.0,0.0
862,4295905431,0.0,0.0,0.0
863,4295903417,0.0,0.0,0.0
864,4295903297,0.0,0.0,0.0
865,4295908720,0.0,0.0,0.0
866,5001437821,0.0,0.0,0.0
867,4295912422,0.0,0.0,0.0
868,5046318067,0.0,0.0,0.0
869,4295900190,0.0,0.0,0.0
870,4295900840,0.0,0.0,0.0
871,5030853586,0.0,0.0,0.0
872,4295905494,0.0,0.0,0.0
873,4295905501,0.0,0.0,0.0
874,4295903329,0.0,0.0,0.0
875,4295903336,0.0,0.0,0.0
876,5037989355,0.0,0.0,0.0
877,4295903341,0.0,0.0,0.0
878,4295903388,0.0,0.0,0.0
879,4295903374,0.0,0.0,0.0
880,4295899980,0.0,0.0,0.0
881,4295905537,0.0,0.0,0.0
882,4295903393,0.0,0.0,0.0
883,4295903438,0.0,0.0,0.0
884,4295901784,0.0,0.0,0.0
885,5081057199,0.0,0.0,0.0
886,4295905573,0.0,0.0,0.0
887,4295905583,0.0,0.0,0.0
888,4295903463,0.0,0.0,0.0
889,5000301936,0.0,0.0,0.0
890,5042238586,0.0,0.0,0.0
891,4295899478,0.0,0.0,0.0
892,5083486063,0.0,0.0,0.0
893,4295905642,0.0,0.0,0.0
894,4295903514,0.0,0.0,0.0
895,4295903490,0.0,0.0,0.0
896,4295903478,0.0,0.0,0.0
897,5052132612,0.0,0.0,0.0
898,4295903492,0.0,0.0,0.0
899,4295899766,0.0,0.0,0.0
900,8589934339,0.0,0.0,0.0
901,5000001034,0.0,0.0,0.0
902,4295904421,0.0,0.0,0.0
903,4296896513,0.0,0.0,0.0
904,4295905713,0.0,0.0,0.0
905,4295903556,0.0,0.0,0.0
906,5071545370,0.0,0.0,0.0
907,4295908554,0.0,0.0,0.0
908,4295906748,0.0,0.0,0.0
909,4295900990,0.0,0.0,0.0
910,4295902706,0.0,0.0,0.0
911,4295914598,0.0,0.0,0.0
912,5000766723,0.0,0.0,0.0
913,4295903602,0.0,0.0,0.0
914,4295903585,0.0,0.0,0.0
915,4295903586,0.0,0.0,0.0
916,4295903619,0.0,0.0,0.0
917,4295902623,0.0,0.0,0.0
918,5060689053,0.0,0.0,0.0
919,4295912025,0.0,0.0,0.0
920,4295902917,0.0,0.0,0.0
921,4295929900,0.0,0.0,0.0
922,4296212311,0.0,0.0,0.0
923,4295899323,0.0,0.0,0.0
924,4295905803,0.0,0.0,0.0
925,4295905810,0.0,0.0,0.0
926,5063766000,0.0,0.0,0.0
927,4295899615,0.0,0.0,0.0
928,4295903636,0.0,0.0,0.0
929,4295903665,0.0,0.0,0.0
930,4295903627,0.0,0.0,0.0
931,4295903637,0.0,0.0,0.0
932,5076162916,0.0,0.0,0.0
933,4295903679,0.0,0.0,0.0
934,4295903649,0.0,0.0,0.0
935,4295903652,0.0,0.0,0.0
936,4295903651,0.0,0.0,0.0
937,4295903654,0.0,0.0,0.0
938,4295903702,0.0,0.0,0.0
939,5035741840,0.0,0.0,0.0
940,5073156222,0.0,0.0,0.0
941,5000053849,0.0,0.0,0.0
942,4295903678,0.0,0.0,0.0
943,4295901893,0.0,0.0,0.0
944,4295900986,0.0,0.0,0.0
945,4297255547,0.0,0.0,0.0
946,4295900112,0.0,0.0,0.0
947,4295903707,0.0,0.0,0.0
948,4295905949,0.0,0.0,0.0
949,5080018615,0.0,0.0,0.0
950,4295905955,0.0,0.0,0.0
951,4296419629,0.0,0.0,0.0
952,4295903733,0.0,0.0,0.0
953,4295903091,0.0,0.0,0.0
954,4295905973,0.0,0.0,0.0
955,4295903113,0.0,0.0,0.0
956,4295908573,0.0,0.0,0.0
957,4295903775,0.0,0.0,0.0
958,5081500884,0.0,0.0,0.0
959,4295906048,0.0,0.0,0.0
960,4295903798,0.0,0.0,0.0
961,4295912987,0.0,0.0,0.0
962,4295912984,0.0,0.0,0.0
963,5043415536,0.0,0.0,0.0
964,4295903809,0.0,0.0,0.0
965,4295903829,0.0,0.0,0.0
966,4295903861,0.0,0.0,0.0
967,4295903833,0.0,0.0,0.0
968,4295903847,0.0,0.0,0.0
969,5037627667,0.0,0.0,0.0
970,4295905108,0.0,0.0,0.0
971,4295906153,0.0,0.0,0.0
972,4295903104,0.0,0.0,0.0
973,5040186364,0.0,0.0,0.0
974,4295913845,0.0,0.0,0.0
975,4295909064,0.0,0.0,0.0
976,4295902718,0.0,0.0,0.0
977,4297160277,0.0,0.0,0.0
978,4295899533,0.0,0.0,0.0
979,5045821058,0.0,0.0,0.0
980,4295903874,0.0,0.0,0.0
981,5041064108,0.0,0.0,0.0
982,4295903896,0.0,0.0,0.0
983,5071081317,0.0,0.0,0.0
984,4295906238,0.0,0.0,0.0
985,4295903916,0.0,0.0,0.0
986,4295903910,0.0,0.0,0.0
987,4295911970,0.0,0.0,0.0
988,4295901526,0.0,0.0,0.0
989,4298065499,0.0,0.0,0.0
990,4295915818,0.0,0.0,0.0
991,4295903931,0.0,0.0,0.0
992,4297034757,0.0,0.0,0.0
993,4295903939,0.0,0.0,0.0
994,5000037947,0.0,0.0,0.0
995,4295904469,0.0,0.0,0.0
996,4295903946,0.0,0.0,0.0
997,4295906381,0.0,0.0,0.0
998,4295903947,0.0,0.0,0.0
999,4295900268,0.0,0.0,0.0
1000,4295903216,0.0,0.0,0.0
1001,4295899731,0.0,0.0,0.0
1002,4295906402,0.0,0.0,0.0
1003,4297297477,0.0,0.0,0.0
1004,4295903961,0.0,0.0,0.0
1005,4295903960,0.0,0.0,0.0
1006,4295906431,0.0,0.0,0.0
1007,4295912126,0.0,0.0,0.0
1008,4295913368,0.0,0.0,0.0
1009,4295912058,0.0,0.0,0.0
1010,4295906442,0.0,0.0,0.0
1011,5001113817,0.0,0.0,0.0
1012,4295906509,0.0,0.0,0.0
1013,4295903132,0.0,0.0,0.0
1014,4295935222,0.0,0.0,0.0
1015,4297406905,0.0,0.0,0.0
1016,5067498187,0.0,0.0,0.0
1017,4295904023,0.0,0.0,0.0
1018,4295904043,0.0,0.0,0.0
1019,5040053599,0.0,0.0,0.0
1020,4295903161,0.0,0.0,0.0
1021,4295903128,0.0,0.0,0.0
1022,4295904061,0.0,0.0,0.0
1023,4295904067,0.0,0.0,0.0
1024,4295906595,0.0,0.0,0.0
1025,4295900281,0.0,0.0,0.0
1026,4295905104,0.0,0.0,0.0
1027,5042943945,0.0,0.0,0.0
1028,4295911963,0.0,0.0,0.0
1029,4295904086,0.0,0.0,0.0
1030,4295904089,0.0,0.0,0.0
1031,5001208951,0.0,0.0,0.0
1032,4295904170,0.0,0.0,0.0
1033,4295904141,0.0,0.0,0.0
1034,5083821503,0.0,0.0,0.0
1035,4295904159,0.0,0.0,0.0
1036,4295906693,0.0,0.0,0.0
1037,4295904171,0.0,0.0,0.0
1038,5046390586,0.0,0.0,0.0
1039,5040250025,0.0,0.0,0.0
1040,4295906709,0.0,0.0,0.0
1041,4295903148,0.0,0.0,0.0
1042,4295912159,0.0,0.0,0.0
1043,5001815447,0.0,0.0,0.0
1044,4295908614,0.0,0.0,0.0
1045,4296262603,0.0,0.0,0.0
1046,4295904196,0.0,0.0,0.0
1047,4295906733,0.0,0.0,0.0
1048,4296368740,0.0,0.0,0.0
1049,4295906763,0.0,0.0,0.0
1050,4295904216,0.0,0.0,0.0
1051,4295906783,0.0,0.0,0.0
1052,4295902738,0.0,0.0,0.0
1053,4295904307,0.0,0.0,0.0
1054,4295904309,0.0,0.0,0.0
1055,4295904318,0.0,0.0,0.0
1056,4295906862,0.0,0.0,0.0
1057,5052795406,0.0,0.0,0.0
1058,5052135353,0.0,0.0,0.0
1059,5044340396,0.0,0.0,0.0
1060,5000021791,0.0,0.0,0.0
1061,4295904341,0.0,0.0,0.0
1062,4295913981,0.0,0.0,0.0
1063,4295906904,0.0,0.0,0.0
1064,5083144032,0.0,0.0,0.0
1065,4295903052,0.0,0.0,0.0
1066,4295904371,0.0,0.0,0.0
1067,5041978269,0.0,0.0,0.0
1068,4295904369,0.0,0.0,0.0
1069,5083761147,0.0,0.0,0.0
1070,4295899858,0.0,0.0,0.0
1071,4297699947,0.0,0.0,0.0
1072,4295911969,0.0,0.0,0.0
1073,4295906961,0.0,0.0,0.0
1074,4295906978,0.0,0.0,0.0
1075,4295904406,0.0,0.0,0.0
1076,4295912186,0.0,0.0,0.0
1077,5037932217,0.0,0.0,0.0
1078,4295904414,0.0,0.0,0.0
1079,5000634824,0.0,0.0,0.0
1080,4295904432,0.0,0.0,0.0
1081,4295862576,0.0,0.0,0.0
1082,4295904442,0.0,0.0,0.0
1083,4295904450,0.0,0.0,0.0
1084,4295904473,0.0,0.0,0.0
1085,4295915617,0.0,0.0,0.0
1086,4295904476,0.0,0.0,0.0
1087,4295904482,0.0,0.0,0.0
1088,4295904477,0.0,0.0,0.0
1089,4295902520,0.0,0.0,0.0
1090,4295908221,0.0,0.0,0.0
1091,4295904499,0.0,0.0,0.0
1092,4295912188,0.0,0.0,0.0
1093,4295904886,0.0,0.0,0.0
1094,4295912198,0.0,0.0,0.0
1095,4295904529,0.0,0.0,0.0
1096,4295907168,0.0,0.0,0.0
1097,4295907171,0.0,0.0,0.0
1098,4295904528,0.0,0.0,0.0
1099,5066596648,0.0,0.0,0.0
1100,4295911073,0.0,0.0,0.0
1101,4295903805,0.0,0.0,0.0
1102,4295899791,0.0,0.0,0.0
1103,5042221932,0.0,0.0,0.0
1104,4295904557,0.0,0.0,0.0
1105,4295912211,0.0,0.0,0.0
1106,4295904572,0.0,0.0,0.0
1107,8589934167,0.0,0.0,0.0
1108,4295907376,0.0,0.0,0.0
1109,4295902158,0.0,0.0,0.0
1110,4295907381,0.0,0.0,0.0
1111,5039926532,0.0,0.0,0.0
1112,4295903955,0.0,0.0,0.0
1113,4295904620,0.0,0.0,0.0
1114,4295907402,0.0,0.0,0.0
1115,4295907415,0.0,0.0,0.0
1116,4295908065,0.0,0.0,0.0
1117,4295904636,0.0,0.0,0.0
1118,4295914405,0.0,0.0,0.0
1119,5000795447,0.0,0.0,0.0
1120,4295907460,0.0,0.0,0.0
1121,4295904652,0.0,0.0,0.0
1122,4295916023,0.0,0.0,0.0
1123,5068343942,0.0,0.0,0.0
1124,4295904703,0.0,0.0,0.0
1125,4295904675,0.0,0.0,0.0
1126,4295904676,0.0,0.0,0.0
1127,4295904686,0.0,0.0,0.0
1128,4295907525,0.0,0.0,0.0
1129,4295912229,0.0,0.0,0.0
1130,4295968965,0.0,0.0,0.0
1131,4296000356,0.0,0.0,0.0
1132,4295903206,0.0,0.0,0.0
1133,4295907559,0.0,0.0,0.0
1134,5045870012,0.0,0.0,0.0
1135,4295904718,0.0,0.0,0.0
1136,4295904722,0.0,0.0,0.0
1137,5036190505,0.0,0.0,0.0
1138,4295907828,0.0,0.0,0.0
1139,4295907655,0.0,0.0,0.0
1140,4295901744,0.0,0.0,0.0
1141,4295904769,0.0,0.0,0.0
1142,4295903263,0.0,0.0,0.0
1143,4295901925,0.0,0.0,0.0
1144,4295904782,0.0,0.0,0.0
1145,5068057414,0.0,0.0,0.0
1146,4295904781,0.0,0.0,0.0
1147,5042255248,0.0,0.0,0.0
1148,4295907706,0.0,0.0,0.0
1149,4295904788,0.0,0.0,0.0
1150,4295904793,0.0,0.0,0.0
1151,8589934220,0.0,0.0,0.0
1152,4295904812,0.0,0.0,0.0
1153,4295907752,0.0,0.0,0.0
1154,4295907751,0.0,0.0,0.0
1155,5046043341,0.0,0.0,0.0
1156,4295907765,0.0,0.0,0.0
1157,4295904818,0.0,0.0,0.0
1158,4295904835,0.0,0.0,0.0
1159,4295904837,0.0,0.0,0.0
1160,4297900917,0.0,0.0,0.0
1161,4295904844,0.0,0.0,0.0
1162,4295904842,0.0,0.0,0.0
1163,4295907815,0.0,0.0,0.0
1164,4295904495,0.0,0.0,0.0
1165,5052136396,0.0,0.0,0.0
1166,4295907833,0.0,0.0,0.0
1167,4296658618,0.0,0.0,0.0
1168,4295915633,0.0,0.0,0.0
1169,4295907871,0.0,0.0,0.0
1170,8589934318,0.0,0.0,0.0
1171,5000388033,0.0,0.0,0.0
1172,4295904914,0.0,0.0,0.0
1173,4295904924,0.0,0.0,0.0
1174,5040694674,0.0,0.0,0.0
1175,4295905486,0.0,0.0,0.0
1176,4295908678,0.0,0.0,0.0
1177,4295904934,0.0,0.0,0.0
1178,5038065579,0.0,0.0,0.0
1179,4295903239,0.0,0.0,0.0
1180,4295904951,0.0,0.0,0.0
1181,5000598124,0.0,0.0,0.0
1182,4295904973,0.0,0.0,0.0
1183,4295908005,0.0,0.0,0.0
1184,4295904976,0.0,0.0,0.0
1185,4295908010,0.0,0.0,0.0
1186,4295904996,0.0,0.0,0.0
1187,4295905000,0.0,0.0,0.0
1188,4295908075,0.0,0.0,0.0
1189,5042214022,0.0,0.0,0.0
1190,4295905023,0.0,0.0,0.0
1191,4295905029,0.0,0.0,0.0
1192,4295900188,0.0,0.0,0.0
1193,4295912282,0.0,0.0,0.0
1194,4295905055,0.0,0.0,0.0
1195,4295905068,0.0,0.0,0.0
1196,5000072036,0.0,0.0,0.0
1197,4295908164,0.0,0.0,0.0
1198,5068324886,0.0,0.0,0.0
1199,5037345940,0.0,0.0,0.0
1200,5052137706,0.0,0.0,0.0
1201,4295905141,0.0,0.0,0.0
1202,4295905170,0.0,0.0,0.0
1203,8589934183,0.0,0.0,0.0
1204,5037473967,0.0,0.0,0.0
1205,5055475912,0.0,0.0,0.0
1206,5053445407,0.0,0.0,0.0
1207,4295905161,0.0,0.0,0.0
1208,4295912318,0.0,0.0,0.0
1209,4295905175,0.0,0.0,0.0
1210,4295915261,0.0,0.0,0.0
1211,5046300101,0.0,0.0,0.0
1212,5065226047,0.0,0.0,0.0
1213,4295905199,0.0,0.0,0.0
1214,4295905202,0.0,0.0,0.0
1215,5038081551,0.0,0.0,0.0
1216,4295905210,0.0,0.0,0.0
1217,4295908306,0.0,0.0,0.0
1218,4295911976,0.0,0.0,0.0
1219,4298051902,0.0,0.0,0.0
1220,4295908317,0.0,0.0,0.0
1221,5035523437,0.0,0.0,0.0
1222,5057776667,0.0,0.0,0.0
1223,4298015179,0.0,0.0,0.0
1224,5052137229,0.0,0.0,0.0
1225,4295905292,0.0,0.0,0.0
1226,5037622213,0.0,0.0,0.0
1227,4295912320,0.0,0.0,0.0
1228,4295905298,0.0,0.0,0.0
1229,4295907310,0.0,0.0,0.0
1230,4295905311,0.0,0.0,0.0
1231,4295905309,0.0,0.0,0.0
1232,4295905315,0.0,0.0,0.0
1233,8589934175,0.0,0.0,0.0
1234,5083423579,0.0,0.0,0.0
1235,4295912317,0.0,0.0,0.0
1236,4295905332,0.0,0.0,0.0
1237,5063196140,0.0,0.0,0.0
1238,4295903255,0.0,0.0,0.0
1239,4296253209,0.0,0.0,0.0
1240,4295914758,0.0,0.0,0.0
1241,4295904627,0.0,0.0,0.0
1242,5035774320,0.0,0.0,0.0
1243,4295905127,0.0,0.0,0.0
1244,5044027706,0.0,0.0,0.0
1245,5037658928,0.0,0.0,0.0
1246,5036689323,0.0,0.0,0.0
1247,5038054958,0.0,0.0,0.0
1248,4295889099,0.0,0.0,0.0
1249,4295888469,0.0,0.0,0.0
1250,4295889088,0.0,0.0,0.0
1251,4295889097,0.0,0.0,0.0
1252,4295889042,0.0,0.0,0.0
1253,4295888648,0.0,0.0,0.0
1254,4295888586,0.0,0.0,0.0
1255,4295888681,0.0,0.0,0.0
1256,4295888651,0.0,0.0,0.0
1257,4295889278,0.0,0.0,0.0
1258,4295888632,0.0,0.0,0.0
1259,4295889153,0.0,0.0,0.0
1260,4295888504,0.0,0.0,0.0
1261,4295889219,0.0,0.0,0.0
1262,4295888630,0.0,0.0,0.0
1263,4296325663,0.0,0.0,0.0
1264,4295888654,0.0,0.0,0.0
1265,5000444809,0.0,0.0,0.0
1266,5064609880,0.0,0.0,0.0
1267,4295888679,0.0,0.0,0.0
1268,5057811904,0.0,0.0,0.0
1269,5028043592,0.0,0.0,0.0
1270,4295893461,0.0,0.0,0.0
1271,4295893508,0.0,0.0,0.0
1272,4295893470,0.0,0.0,0.0
1273,4295945554,0.0,0.0,0.0
1274,4295893476,0.0,0.0,0.0
1275,4295893479,0.0,0.0,0.0
1276,4295893441,0.0,0.0,0.0
1277,4296274964,0.0,0.0,0.0
1278,5083530705,0.0,0.0,0.0
1279,5046656061,0.0,0.0,0.0
1280,4295893493,0.0,0.0,0.0
1281,4295904888,0.0,0.0,0.0
1282,4295859007,0.0,0.0,0.0
1283,4295858976,0.0,0.0,0.0
1284,5050702133,0.0,0.0,0.0
1285,4298007739,0.0,0.0,0.0
1286,4295856983,0.0,0.0,0.0
1287,4295858761,0.0,0.0,0.0
1288,4295856152,0.0,0.0,0.0
1289,4297805897,0.0,0.0,0.0
1290,4295857272,0.0,0.0,0.0
1291,4295858398,0.0,0.0,0.0
1292,5000055834,0.0,0.0,0.0
1293,4295857405,0.0,0.0,0.0
1294,4295857460,0.0,0.0,0.0
1295,4295857447,0.0,0.0,0.0
1296,4295856620,0.0,0.0,0.0
1297,4295856601,0.0,0.0,0.0
1298,4295856917,0.0,0.0,0.0
1299,5000260289,0.0,0.0,0.0
1300,4295856249,0.0,0.0,0.0
1301,4295857141,0.07692307692307693,1.0,1.0
1302,5000088867,0.0,0.0,0.0
1303,5083509187,0.0,0.0,0.0
1304,4295856627,0.0,0.0,0.0
1305,4295856585,0.0,0.0,0.0
1306,4295857124,0.0,0.0,0.0
1307,5045505377,0.0,0.0,0.0
1308,4295857433,0.0,0.0,0.0
1309,4295859421,0.0,0.0,0.0
1310,8589934262,0.0,0.0,0.0
1311,4295859381,0.0,0.0,0.0
1312,4295859531,0.0,0.0,0.0
1313,4295859541,0.0,0.0,0.0
1314,4295859326,0.0,0.0,0.0
1315,4295871244,0.0,0.0,0.0
1316,4295871682,0.0,0.0,0.0
1317,4295871672,0.0,0.0,0.0
1318,4295871064,0.0,0.0,0.0
1319,4295871038,0.0,0.0,0.0
1320,4295870917,0.0,0.0,0.0
1321,4295871725,0.0,0.0,0.0
1322,4295871555,0.0,0.0,0.0
1323,4298042021,0.0,0.0,0.0
1324,4295871566,0.0,0.0,0.0
1325,4295871154,0.0,0.0,0.0
1326,4295864494,0.0,0.0,0.0
1327,4295871543,0.0,0.0,0.0
1328,4295871256,0.0,0.0,0.0
1329,5000604622,0.0,0.0,0.0
1330,4295859689,0.0,0.0,0.0
1331,5000053637,0.0,0.0,0.0
1332,4295859731,0.0,0.0,0.0
1333,4295860295,0.0,0.0,0.0
1334,4297320527,0.0,0.0,0.0
1335,4295859739,0.0,0.0,0.0
1336,4295860294,0.0,0.0,0.0
1337,4295859808,0.0,0.0,0.0
1338,5000004542,0.0,0.0,0.0
1339,4295859917,0.0,0.0,0.0
1340,4295859722,0.0,0.0,0.0
1341,4295860302,0.0,0.0,0.0
1342,4295860040,0.0,0.0,0.0
1343,4296141085,0.0,0.0,0.0
1344,4295859763,0.0,0.0,0.0
1345,5000809539,0.0,0.0,0.0
1346,4295860057,0.0,0.0,0.0
1347,4295860274,0.0,0.0,0.0
1348,5000060474,0.0,0.0,0.0
1349,4295860164,0.0,0.0,0.0
1350,4295859761,0.0,0.0,0.0
1351,4295860043,0.0,0.0,0.0
1352,5076419892,0.0,0.0,0.0
1353,5000491274,0.0,0.0,0.0
1354,4295860844,0.0,0.0,0.0
1355,5076694196,0.0,0.0,0.0
1356,5001317745,0.0,0.0,0.0
1357,4295860596,0.0,0.0,0.0
1358,4295860592,0.0,0.0,0.0
1359,5066630647,0.0,0.0,0.0
1360,4295861073,0.0,0.0,0.0
1361,5051003308,0.0,0.0,0.0
1362,4295860600,0.0,0.0,0.0
1363,4295860595,0.0,0.0,0.0
1364,5057567349,0.0,0.0,0.0
1365,4295861343,0.0,0.0,0.0
1366,4295860626,0.0,0.0,0.0
1367,4295860606,0.0,0.0,0.0
1368,5082075678,0.0,0.0,0.0
1369,5086690639,0.0,0.0,0.0
1370,4295861296,0.0,0.0,0.0
1371,4295860623,0.0,0.0,0.0
1372,4295862540,0.0,0.0,0.0
1373,5000631312,0.0,0.0,0.0
1374,4295861147,0.0,0.0,0.0
1375,5037844900,0.0,0.0,0.0
1376,4295862751,0.0,0.0,0.0
1377,4295861309,0.0,0.0,0.0
1378,4295862904,0.0,0.0,0.0
1379,5086776120,0.0,0.0,0.0
1380,4295861140,0.0,0.0,0.0
1381,5083507817,0.0,0.0,0.0
1382,5037474279,0.0,0.0,0.0
1383,5001584559,0.0,0.0,0.0
1384,8589934213,0.0,0.0,0.0
1385,4295861310,0.0,0.0,0.0
1386,4295862910,0.0,0.0,0.0
1387,4295861257,0.0,0.0,0.0
1388,4295861769,0.0,0.0,0.0
1389,4295862902,0.0,0.0,0.0
1390,5087009162,0.0,0.0,0.0
1391,4295861508,0.0,0.0,0.0
1392,4295890717,0.0,0.0,0.0
1393,4295890576,0.0,0.0,0.0
1394,4295890620,0.0,0.0,0.0
1395,4295890800,0.0,0.0,0.0
1396,5000030891,0.0,0.0,0.0
1397,4295890904,0.0,0.0,0.0
1398,4296618369,0.0,0.0,0.0
1399,4295890591,0.0,0.0,0.0
1400,5068075938,0.0,0.0,0.0
1401,5066538532,0.0,0.0,0.0
1402,5000073936,0.0,0.0,0.0
1403,4295863327,0.0,0.0,0.0
1404,4295863329,0.0,0.0,0.0
1405,4295863332,0.0,0.0,0.0
1406,4295864615,0.0,0.0,0.0
1407,4295865534,0.0,0.0,0.0
1408,4295863798,0.0,0.0,0.0
1409,4295864656,0.0,0.0,0.0
1410,4295865511,0.0,0.0,0.0
1411,4295864786,0.0,0.0,0.0
1412,4295863793,0.0,0.0,0.0
1413,4295865681,0.0,0.0,0.0
1414,4295863969,0.0,0.0,0.0
1415,4295863804,0.0,0.0,0.0
1416,4295864185,0.0,0.0,0.0
1417,4295863789,0.0,0.0,0.0
1418,4295864049,0.0,0.0,0.0
1419,4295865029,0.0,0.0,0.0
1420,4295864992,0.0,0.0,0.0
1421,4295865403,0.0,0.0,0.0
1422,4295864514,0.0,0.0,0.0
1423,4295864218,0.0,0.0,0.0
1424,4295864051,0.0,0.0,0.0
1425,4295864477,0.0,0.0,0.0
1426,4295863996,0.0,0.0,0.0
1427,4295863981,0.0,0.0,0.0
1428,4295863694,0.0,0.0,0.0
1429,4295864725,0.0,0.0,0.0
1430,4295863952,0.0,0.0,0.0
1431,4295863971,0.0,0.0,0.0
1432,4295864150,0.0,0.0,0.0
1433,4295864442,0.0,0.0,0.0
1434,4295865283,0.0,0.0,0.0
1435,4295863648,0.0,0.0,0.0
1436,4295864411,0.0,0.0,0.0
1437,4295864110,0.0,0.0,0.0
1438,4295864048,0.0,0.0,0.0
1439,4295864938,0.0,0.0,0.0
1440,4295864356,0.0,0.0,0.0
1441,4295864122,0.0,0.0,0.0
1442,4295864500,0.0,0.0,0.0
1443,4295865227,0.0,0.0,0.0
1444,4295864471,0.0,0.0,0.0
1445,4295865389,0.0,0.0,0.0
1446,4295865392,0.0,0.0,0.0
1447,4295864939,0.0,0.0,0.0
1448,4295865303,0.0,0.0,0.0
1449,4295864541,0.0,0.0,0.0
1450,4295864700,0.0,0.0,0.0
1451,4295863843,0.0,0.0,0.0
1452,4295863739,0.0,0.0,0.0
1453,4295864263,0.0,0.0,0.0
1454,4295865519,0.0,0.0,0.0
1455,4295865631,0.0,0.0,0.0
1456,4295865502,0.0,0.0,0.0
1457,4295863657,0.0,0.0,0.0
1458,4295865323,0.0,0.0,0.0
1459,4295863976,0.0,0.0,0.0
1460,4295865222,0.0,0.0,0.0
1461,4295864050,0.0,0.0,0.0
1462,4295865153,0.0,0.0,0.0
1463,4295864181,0.0,0.0,0.0
1464,4295864164,0.0,0.0,0.0
1465,4295865550,0.0,0.0,0.0
1466,4295865501,0.0,0.0,0.0
1467,4295864404,0.0,0.0,0.0
1468,4295865212,0.0,0.0,0.0
1469,4295863622,0.0,0.0,0.0
1470,4295864145,0.0,0.0,0.0
1471,4295863743,0.0,0.0,0.0
1472,4295865144,0.0,0.0,0.0
1473,4295865648,0.0,0.0,0.0
1474,4295865056,0.0,0.0,0.0
1475,4295864186,0.0,0.0,0.0
1476,4295865333,0.0,0.0,0.0
1477,4295863985,0.0,0.0,0.0
1478,4295863693,0.0,0.0,0.0
1479,4295863674,0.0,0.0,0.0
1480,4295863675,0.0,0.0,0.0
1481,4295863819,0.0,0.0,0.0
1482,4295865570,0.0,0.0,0.0
1483,4295865482,0.0,0.0,0.0
1484,4295864560,0.0,0.0,0.0
1485,4295865053,0.0,0.0,0.0
1486,4295864268,0.0,0.0,0.0
1487,4295865083,0.0,0.0,0.0
1488,4295864844,0.0,0.0,0.0
1489,4295864370,0.0,0.0,0.0
1490,4295865590,0.0,0.0,0.0
1491,4295865240,0.0,0.0,0.0
1492,4295865211,0.0,0.0,0.0
1493,4295864272,0.0,0.0,0.0
1494,4295865461,0.0,0.0,0.0
1495,4295863814,0.0,0.0,0.0
1496,4295865441,0.0,0.0,0.0
1497,4295863989,0.0,0.0,0.0
1498,4295865616,0.0,0.0,0.0
1499,4295863997,0.0,0.0,0.0
1500,4295864198,0.0,0.0,0.0
1501,4295865264,0.0,0.0,0.0
1502,4295863929,0.0,0.0,0.0
1503,4295864604,0.0,0.0,0.0
1504,4295865582,0.0,0.0,0.0
1505,4295864891,0.0,0.0,0.0
1506,4295865084,0.0,0.0,0.0
1507,4295865460,0.0,0.0,0.0
1508,4295864472,0.0,0.0,0.0
1509,4295863746,0.0,0.0,0.0
1510,4295865530,0.0,0.0,0.0
1511,4295864880,0.0,0.0,0.0
1512,4295863749,0.0,0.0,0.0
1513,4295864498,0.0,0.0,0.0
1514,4295864758,0.0,0.0,0.0
1515,4295864918,0.0,0.0,0.0
1516,4295865471,0.0,0.0,0.0
1517,4295863780,0.0,0.0,0.0
1518,4295865242,0.0,0.0,0.0
1519,4295865675,0.0,0.0,0.0
1520,4295865199,0.0,0.0,0.0
1521,4295863592,0.0,0.0,0.0
1522,4295864259,0.0,0.0,0.0
1523,4295864511,0.0,0.0,0.0
1524,4295864669,0.0,0.0,0.0
1525,4295864428,0.0,0.0,0.0
1526,4295865280,0.0,0.0,0.0
1527,4295863927,0.0,0.0,0.0
1528,4295864230,0.0,0.0,0.0
1529,4295865597,0.0,0.0,0.0
1530,4295864139,0.0,0.0,0.0
1531,4295865194,0.0,0.0,0.0
1532,4295864216,0.0,0.0,0.0
1533,4295864087,0.0,0.0,0.0
1534,4295864132,0.0,0.0,0.0
1535,4295864849,0.0,0.0,0.0
1536,4295864676,0.0,0.0,0.0
1537,4295864519,0.0,0.0,0.0
1538,4295864294,0.0,0.0,0.0
1539,4295865607,0.0,0.0,0.0
1540,4295864469,0.0,0.0,0.0
1541,4295864974,0.0,0.0,0.0
1542,4295864720,0.0,0.0,0.0
1543,4295864351,0.0,0.0,0.0
1544,4295865371,0.0,0.0,0.0
1545,4295863994,0.0,0.0,0.0
1546,4295864558,0.0,0.0,0.0
1547,4295865175,0.0,0.0,0.0
1548,4295864311,0.0,0.0,0.0
1549,4295864075,0.0,0.0,0.0
1550,4295864231,0.0,0.0,0.0
1551,4295865248,0.0,0.0,0.0
1552,4295863939,0.0,0.0,0.0
1553,4295863614,0.0,0.0,0.0
1554,4295865048,0.0,0.0,0.0
1555,4295864455,0.0,0.0,0.0
1556,4295864072,0.0,0.0,0.0
1557,4295863850,0.0,0.0,0.0
1558,4295864718,0.0,0.0,0.0
1559,4295864761,0.0,0.0,0.0
1560,4295864274,0.0,0.0,0.0
1561,4295864229,0.0,0.0,0.0
1562,4295864310,0.0,0.0,0.0
1563,4295865466,0.0,0.0,0.0
1564,4295863774,0.0,0.0,0.0
1565,4295864920,0.0,0.0,0.0
1566,4295865119,0.0,0.0,0.0
1567,4295864559,0.0,0.0,0.0
1568,4295864362,0.0,0.0,0.0
1569,4295864859,0.0,0.0,0.0
1570,4295864760,0.0,0.0,0.0
1571,4295864288,0.0,0.0,0.0
1572,4295865587,0.0,0.0,0.0
1573,4295865256,0.0,0.0,0.0
1574,4295864968,0.0,0.0,0.0
1575,4295865418,0.0,0.0,0.0
1576,4295864728,0.0,0.0,0.0
1577,4295864952,0.0,0.0,0.0
1578,4295864538,0.0,0.0,0.0
1579,4295863856,0.0,0.0,0.0
1580,4295864835,0.0,0.0,0.0
1581,4295863754,0.0,0.0,0.0
1582,4295864289,0.0,0.0,0.0
1583,4295863830,0.0,0.0,0.0
1584,4295865449,0.0,0.0,0.0
1585,4295865588,0.0,0.0,0.0
1586,4295865630,0.0,0.0,0.0
1587,4295864697,0.0,0.0,0.0
1588,4295864930,0.0,0.0,0.0
1589,4295864276,0.0,0.0,0.0
1590,4295863698,0.0,0.0,0.0
1591,4295863759,0.0,0.0,0.0
1592,4295865585,0.0,0.0,0.0
1593,4295864144,0.0,0.0,0.0
1594,4295865541,0.0,0.0,0.0
1595,4295865669,0.0,0.0,0.0
1596,4295864071,0.0,0.0,0.0
1597,4295864915,0.0,0.0,0.0
1598,4295865005,0.0,0.0,0.0
1599,4295865508,0.0,0.0,0.0
1600,4295865574,0.0,0.0,0.0
1601,4295865350,0.0,0.0,0.0
1602,4295865657,0.0,0.0,0.0
1603,4295865383,0.0,0.0,0.0
1604,4295865167,0.0,0.0,0.0
1605,4295864955,0.0,0.0,0.0
1606,4295865475,0.0,0.0,0.0
1607,5000018009,0.0,0.0,0.0
1608,4295864908,0.0,0.0,0.0
1609,4295865200,0.0,0.0,0.0
1610,4295864025,0.0,0.0,0.0
1611,4295864515,0.0,0.0,0.0
1612,4295864603,0.0,0.0,0.0
1613,4295863721,0.0,0.0,0.0
1614,4295864987,0.0,0.0,0.0
1615,4295865261,0.0,0.0,0.0
1616,4295863670,0.0,0.0,0.0
1617,4295864533,0.0,0.0,0.0
1618,4295864374,0.0,0.0,0.0
1619,4295865182,0.0,0.0,0.0
1620,4295864488,0.0,0.0,0.0
1621,4295864435,0.0,0.0,0.0
1622,4295865561,0.0,0.0,0.0
1623,4295864297,0.0,0.0,0.0
1624,4295864985,0.0,0.0,0.0
1625,4295863742,0.0,0.0,0.0
1626,4295865054,0.0,0.0,0.0
1627,4295863607,0.0,0.0,0.0
1628,4295864057,0.0,0.0,0.0
1629,4295863765,0.0,0.0,0.0
1630,4295865528,0.0,0.0,0.0
1631,4295864253,0.0,0.0,0.0
1632,4295864767,0.0,0.0,0.0
1633,4295864706,0.0,0.0,0.0
1634,4295864721,0.0,0.0,0.0
1635,4295865152,0.0,0.0,0.0
1636,4295863781,0.0,0.0,0.0
1637,4295863845,0.0,0.0,0.0
1638,4295864226,0.0,0.0,0.0
1639,4295863589,0.0,0.0,0.0
1640,4295864709,0.0,0.0,0.0
1641,4295864463,0.0,0.0,0.0
1642,4295864381,0.0,0.0,0.0
1643,4295864973,0.0,0.0,0.0
1644,4295870860,0.0,0.0,0.0
1645,4295865639,0.0,0.0,0.0
1646,4295865314,0.0,0.0,0.0
1647,4295864757,0.022222222222222223,3.0,3.0
1648,4295865081,0.0,0.0,0.0
1649,4295864344,0.0,0.0,0.0
1650,4295865113,0.0,0.0,0.0
1651,4295864296,0.0,0.0,0.0
1652,4295865282,0.0,0.0,0.0
1653,4295864013,0.0,0.0,0.0
1654,4295865178,0.0,0.0,0.0
1655,4295865634,0.0,0.0,0.0
1656,4295864702,0.0,0.0,0.0
1657,4295863851,0.0,0.0,0.0
1658,4295865130,0.0,0.0,0.0
1659,4295865208,0.0,0.0,0.0
1660,4295865351,0.0,0.0,0.0
1661,4295865274,0.0,0.0,0.0
1662,4295863663,0.0,0.0,0.0
1663,4295864016,0.0,0.0,0.0
1664,4295863803,0.0,0.0,0.0
1665,4295864282,0.0,0.0,0.0
1666,4295864860,0.0,0.0,0.0
1667,4298008651,0.0,0.0,0.0
1668,4295864593,0.0,0.0,0.0
1669,4295865157,0.0,0.0,0.0
1670,4295864036,0.0,0.0,0.0
1671,4295864896,0.0,0.0,0.0
1672,4295864691,0.0,0.0,0.0
1673,4295864350,0.0,0.0,0.0
1674,4295865013,0.0,0.0,0.0
1675,4298007686,0.0,0.0,0.0
1676,4298007696,0.0,0.0,0.0
1677,4295865468,0.0,0.0,0.0
1678,4298007693,0.0,0.0,0.0
1679,4298008760,0.0,0.0,0.0
1680,4298008689,0.0,0.0,0.0
1681,4298008764,0.0,0.0,0.0
1682,4298008766,0.0,0.0,0.0
1683,4298025328,0.0,0.0,0.0
1684,4298065349,0.0,0.0,0.0
1685,4298043714,0.0,0.0,0.0
1686,4298052521,0.0,0.0,0.0
1687,4295864209,0.0,0.0,0.0
1688,5000032093,0.0,0.0,0.0
1689,4296799807,0.0,0.0,0.0
1690,5000156210,0.0,0.0,0.0
1691,4298150679,0.0,0.0,0.0
1692,5000100385,0.0,0.0,0.0
1693,4296761804,0.0,0.0,0.0
1694,5000374642,0.0,0.0,0.0
1695,5000436413,0.0,0.0,0.0
1696,5000437235,0.0,0.0,0.0
1697,5000432129,0.0,0.0,0.0
1698,5000462739,0.0,0.0,0.0
1699,5000004477,0.0,0.0,0.0
1700,5000442655,0.0,0.0,0.0
1701,5000607983,0.0,0.0,0.0
1702,5000612421,0.0,0.0,0.0
1703,5000073482,0.0,0.0,0.0
1704,5000621484,0.0,0.0,0.0
1705,5000629028,0.0,0.0,0.0
1706,5000629080,0.0,0.0,0.0
1707,5000629076,0.0,0.0,0.0
1708,4297991611,0.0,0.0,0.0
1709,5000662398,0.0,0.0,0.0
1710,4298347684,0.0,0.0,0.0
1711,5000607091,0.0,0.0,0.0
1712,4298346497,0.0,0.0,0.0
1713,5000437498,0.0,0.0,0.0
1714,5000692783,0.0,0.0,0.0
1715,4297828175,0.0,0.0,0.0
1716,5000720131,0.0,0.0,0.0
1717,5000720293,0.0,0.0,0.0
1718,5000525709,0.0,0.0,0.0
1719,4297846877,0.0,0.0,0.0
1720,4296811422,0.0,0.0,0.0
1721,5000014265,0.0,0.0,0.0
1722,4298522271,0.0,0.0,0.0
1723,5000792859,0.0,0.0,0.0
1724,5000567168,0.0,0.0,0.0
1725,5000039167,0.0,0.0,0.0
1726,4298361469,0.0,0.0,0.0
1727,4298153661,0.0,0.0,0.0
1728,5000824105,0.0,0.0,0.0
1729,5000562077,0.0,0.0,0.0
1730,5000471281,0.0,0.0,0.0
1731,5001143439,0.0,0.0,0.0
1732,5001143464,0.0,0.0,0.0
1733,5000057457,0.0,0.0,0.0
1734,5001166650,0.0,0.0,0.0
1735,5000459251,0.0,0.0,0.0
1736,5000550556,0.0,0.0,0.0
1737,5000548166,0.0,0.0,0.0
1738,4297974726,0.0,0.0,0.0
1739,5001170754,0.0,0.0,0.0
1740,5001203800,0.0,0.0,0.0
1741,4298497625,0.0,0.0,0.0
1742,4295864892,0.0,0.0,0.0
1743,5000433081,0.0,0.0,0.0
1744,5000795470,0.0,0.0,0.0
1745,5001211000,0.0,0.0,0.0
1746,5001218769,0.0,0.0,0.0
1747,5000505180,0.0,0.0,0.0
1748,5000561908,0.0,0.0,0.0
1749,4298345324,0.0,0.0,0.0
1750,5000915713,0.0,0.0,0.0
1751,4298544912,0.0,0.0,0.0
1752,5000542233,0.0,0.0,0.0
1753,5001231659,0.0,0.0,0.0
1754,4298346471,0.0,0.0,0.0
1755,5002420861,0.0,0.0,0.0
1756,5000537326,0.0,0.0,0.0
1757,5000541966,0.0,0.0,0.0
1758,4297710943,0.0,0.0,0.0
1759,5001425499,0.0,0.0,0.0
1760,4295865181,0.0,0.0,0.0
1761,4298151354,0.0,0.0,0.0
1762,5000577506,0.0,0.0,0.0
1763,4298067634,0.0,0.0,0.0
1764,4298476696,0.0,0.0,0.0
1765,5000577580,0.0,0.0,0.0
1766,5035088370,0.0,0.0,0.0
1767,5000513192,0.0,0.0,0.0
1768,5000706233,0.0,0.0,0.0
1769,5000516697,0.0,0.0,0.0
1770,5034849139,0.0,0.0,0.0
1771,5035460884,0.0,0.0,0.0
1772,5035581344,0.0,0.0,0.0
1773,4295864422,0.0,0.0,0.0
1774,5000533850,0.0,0.0,0.0
1775,5000907788,0.0,0.0,0.0
1776,5000546946,0.0,0.0,0.0
1777,4297985039,0.0,0.0,0.0
1778,5000512486,0.0,0.0,0.0
1779,4298153685,0.0,0.0,0.0
1780,5037139561,0.0,0.0,0.0
1781,5000844975,0.0,0.0,0.0
1782,5037282460,0.0,0.0,0.0
1783,5035428994,0.0,0.0,0.0
1784,5000500061,0.0,0.0,0.0
1785,5035526612,0.0,0.0,0.0
1786,4296939105,0.0,0.0,0.0
1787,4295864640,0.0,0.0,0.0
1788,5000038533,0.0,0.0,0.0
1789,5035524971,0.0,0.0,0.0
1790,5000799590,0.0,0.0,0.0
1791,5000546705,0.0,0.0,0.0
1792,5000743496,0.0,0.0,0.0
1793,5035549423,0.0,0.0,0.0
1794,5037353896,0.0,0.0,0.0
1795,5040793185,0.0,0.0,0.0
1796,5036865268,0.0,0.0,0.0
1797,5000511411,0.0,0.0,0.0
1798,5035712095,0.0,0.0,0.0
1799,5037347539,0.0,0.0,0.0
1800,5044065913,0.0,0.0,0.0
1801,4297649143,0.0,0.0,0.0
1802,5036213732,0.0,0.0,0.0
1803,5000526202,0.0,0.0,0.0
1804,4298151148,0.0,0.0,0.0
1805,5000500951,0.0,0.0,0.0
1806,4298151119,0.0,0.0,0.0
1807,5000964736,0.0,0.0,0.0
1808,5000513186,0.0,0.0,0.0
1809,5037347417,0.0,0.0,0.0
1810,4298347555,0.0,0.0,0.0
1811,5037589950,0.0,0.0,0.0
1812,5037589196,0.0,0.0,0.0
1813,4298149106,0.0,0.0,0.0
1814,5000691914,0.0,0.0,0.0
1815,5037344614,0.0,0.0,0.0
1816,5036757687,0.0,0.0,0.0
1817,4298370787,0.0,0.0,0.0
1818,4296830179,0.0,0.0,0.0
1819,5000511211,0.0,0.0,0.0
1820,5042216543,0.0,0.0,0.0
1821,5001097499,0.0,0.0,0.0
1822,5035306558,0.0,0.0,0.0
1823,5000064299,0.0,0.0,0.0
1824,5037430690,0.0,0.0,0.0
1825,5037086371,0.0,0.0,0.0
1826,5000507643,0.0,0.0,0.0
1827,5036373387,0.0,0.0,0.0
1828,5041982761,0.0,0.0,0.0
1829,5041758706,0.0,0.0,0.0
1830,4298153588,0.0,0.0,0.0
1831,5000514125,0.0,0.0,0.0
1832,5000513518,0.0,0.0,0.0
1833,5000524471,0.0,0.0,0.0
1834,5001448450,0.0,0.0,0.0
1835,5035392622,0.0,0.0,0.0
1836,5037589941,0.0,0.0,0.0
1837,5000062881,0.0,0.0,0.0
1838,5036216652,0.0,0.0,0.0
1839,5000567947,0.0,0.0,0.0
1840,5000768225,0.0,0.0,0.0
1841,5000837458,0.0,0.0,0.0
1842,5046707519,0.0,0.0,0.0
1843,5000069898,0.0,0.0,0.0
1844,4298003129,0.0,0.0,0.0
1845,4296929230,0.0,0.0,0.0
1846,5000560344,0.0,0.0,0.0
1847,4298434827,0.0,0.0,0.0
1848,5035551376,0.0,0.0,0.0
1849,5039648336,0.0,0.0,0.0
1850,5037317922,0.0,0.0,0.0
1851,4298497485,0.0,0.0,0.0
1852,5000047459,0.0,0.0,0.0
1853,5000576815,0.0,0.0,0.0
1854,5042951452,0.0,0.0,0.0
1855,5000507932,0.0,0.0,0.0
1856,5046316759,0.0,0.0,0.0
1857,5040260002,0.0,0.0,0.0
1858,5037941777,0.0,0.0,0.0
1859,5036773931,0.0,0.0,0.0
1860,5036199903,0.0,0.0,0.0
1861,5044262919,0.0,0.0,0.0
1862,5000908617,0.0,0.0,0.0
1863,5000539998,0.0,0.0,0.0
1864,5000560542,0.0,0.0,0.0
1865,5044010102,0.0,0.0,0.0
1866,4298344696,0.0,0.0,0.0
1867,5034847224,0.0,0.0,0.0
1868,5034845735,0.0,0.0,0.0
1869,5051008257,0.0,0.0,0.0
1870,5035312533,0.0,0.0,0.0
1871,5000547286,0.0,0.0,0.0
1872,5043415350,0.0,0.0,0.0
1873,5037992901,0.0,0.0,0.0
1874,5000520341,0.0,0.0,0.0
1875,5036397175,0.0,0.0,0.0
1876,5000561933,0.0,0.0,0.0
1877,4297091222,0.0,0.0,0.0
1878,4298498141,0.0,0.0,0.0
1879,5055444717,0.0,0.0,0.0
1880,5000217387,0.0,0.0,0.0
1881,4298152542,0.0,0.0,0.0
1882,5055468353,0.0,0.0,0.0
1883,4296742247,0.0,0.0,0.0
1884,5000097010,0.0,0.0,0.0
1885,5000545715,0.0,0.0,0.0
1886,4298151964,0.0,0.0,0.0
1887,5000046330,0.0,0.0,0.0
1888,5057438460,0.0,0.0,0.0
1889,5043316839,0.0,0.0,0.0
1890,5047445448,0.0,0.0,0.0
1891,5044178555,0.0,0.0,0.0
1892,5043331208,0.0,0.0,0.0
1893,5000036507,0.0,0.0,0.0
1894,4296062372,0.0,0.0,0.0
1895,5056414097,0.0,0.0,0.0
1896,5000241422,0.0,0.0,0.0
1897,5041079083,0.0,0.0,0.0
1898,5000029392,0.0,0.0,0.0
1899,4298149140,0.0,0.0,0.0
1900,5001180536,0.0,0.0,0.0
1901,5037362841,0.0,0.0,0.0
1902,5044065930,0.0,0.0,0.0
1903,5037367893,0.0,0.0,0.0
1904,5042948573,0.0,0.0,0.0
1905,5040184987,0.0,0.0,0.0
1906,5000677303,0.0,0.0,0.0
1907,5034844920,0.0,0.0,0.0
1908,4297279091,0.0,0.0,0.0
1909,5068657930,0.0,0.0,0.0
1910,5068926914,0.0,0.0,0.0
1911,5046440390,0.0,0.0,0.0
1912,5000508883,0.0,0.0,0.0
1913,4297247953,0.0,0.0,0.0
1914,5040042223,0.0,0.0,0.0
1915,5000965489,0.0,0.0,0.0
1916,5068926092,0.0,0.0,0.0
1917,5068926256,0.0,0.0,0.0
1918,5043334242,0.0,0.0,0.0
1919,5037840094,0.0,0.0,0.0
1920,4296690521,0.0,0.0,0.0
1921,5064283967,0.0,0.0,0.0
1922,5056390183,0.0,0.0,0.0
1923,5000069299,0.0,0.0,0.0
1924,4298347511,0.0,0.0,0.0
1925,5063164116,0.0,0.0,0.0
1926,4297002318,0.0,0.0,0.0
1927,5068926255,0.0,0.0,0.0
1928,5051391251,0.0,0.0,0.0
1929,5066575432,0.0,0.0,0.0
1930,5037085432,0.0,0.0,0.0
1931,4295871923,0.0,0.0,0.0
1932,5041976582,0.0,0.0,0.0
1933,4297662047,0.0,0.0,0.0
1934,5056440940,0.0,0.0,0.0
1935,5035525611,0.0,0.0,0.0
1936,5050292896,0.0,0.0,0.0
1937,5035394536,0.0,0.0,0.0
1938,5056065117,0.0,0.0,0.0
1939,5057823667,0.0,0.0,0.0
1940,5044196366,0.0,0.0,0.0
1941,5042949069,0.0,0.0,0.0
1942,5056415748,0.0,0.0,0.0
1943,5063760258,0.0,0.0,0.0
1944,5000559208,0.0,0.0,0.0
1945,5052130564,0.0,0.0,0.0
1946,4297065471,0.0,0.0,0.0
1947,5056432599,0.0,0.0,0.0
1948,4298346065,0.0,0.0,0.0
1949,5000086955,0.0,0.0,0.0
1950,5000063483,0.0,0.0,0.0
1951,5074236423,0.0,0.0,0.0
1952,5045352223,0.0,0.0,0.0
1953,5036213164,0.0,0.0,0.0
1954,4295864657,0.0,0.0,0.0
1955,4296197932,0.0,0.0,0.0
1956,4296214965,0.0,0.0,0.0
1957,4295865621,0.0,0.0,0.0
1958,5045848462,0.0,0.0,0.0
1959,5040929559,0.0,0.0,0.0
1960,5000557487,0.0,0.0,0.0
1961,5000603254,0.0,0.0,0.0
1962,5070760884,0.0,0.0,0.0
1963,5079243338,0.0,0.0,0.0
1964,5000592036,0.0,0.0,0.0
1965,5001194513,0.0,0.0,0.0
1966,5039190664,0.0,0.0,0.0
1967,5029113937,0.0,0.0,0.0
1968,5000631407,0.0,0.0,0.0
1969,5065356723,0.0,0.0,0.0
1970,5046048089,0.0,0.0,0.0
1971,4295865752,0.0,0.0,0.0
1972,4295869227,0.0,0.0,0.0
1973,4295869070,0.0,0.0,0.0
1974,4295870081,0.0,0.0,0.0
1975,4295869236,0.0,0.0,0.0
1976,4295870332,0.0,0.0,0.0
1977,4298007872,0.0,0.0,0.0
1978,4295868961,0.0,0.0,0.0
1979,4295869260,0.0,0.0,0.0
1980,5046707555,0.0,0.0,0.0
1981,4295870063,0.0,0.0,0.0
1982,4295869098,0.0,0.0,0.0
1983,5035708251,0.0,0.0,0.0
1984,4295869123,0.0,0.0,0.0
1985,4295869049,0.0,0.0,0.0
1986,4295869694,0.0,0.0,0.0
1987,5043321284,0.0,0.0,0.0
1988,4295868872,0.0,0.0,0.0
1989,4295869238,0.0,0.0,0.0
1990,4295869244,0.0,0.0,0.0
1991,4295868681,0.0,0.0,0.0
1992,5056395925,0.0,0.0,0.0
1993,4295868725,0.0,0.0,0.0
1994,5037852371,0.0,0.0,0.0
1995,5064650628,0.0,0.0,0.0
1996,4295869198,0.0,0.0,0.0
1997,4295869217,0.0,0.0,0.0
1998,8589934314,0.0,0.0,0.0
1999,5081377210,0.0,0.0,0.0
2000,5000103308,0.0,0.0,0.0
2001,5000074393,0.0,0.0,0.0
2002,5060559444,0.0,0.0,0.0
2003,4295868896,0.0,0.0,0.0
2004,4295869118,0.0,0.0,0.0
2005,4295866034,0.0,0.0,0.0
2006,8589934305,0.0,0.0,0.0
2007,4295865911,0.0,0.0,0.0
2008,4296730041,0.0,0.0,0.0
2009,4297758825,0.0,0.0,0.0
2010,5001205497,0.0,0.0,0.0
2011,4295866012,0.0,0.0,0.0
2012,4295866238,0.0,0.0,0.0
2013,4295866239,0.0,0.0,0.0
2014,4297510933,0.0,0.0,0.0
2015,5043416261,0.0,0.0,0.0
2016,5000437425,0.0,0.0,0.0
2017,4295889554,0.0,0.0,0.0
2018,4295889303,0.0,0.0,0.0
2019,4298014978,0.0,0.0,0.0
2020,4295889502,0.0,0.0,0.0
2021,4295889602,0.0,0.0,0.0
2022,4295889506,0.0,0.0,0.0
2023,4295889563,0.0,0.0,0.0
2024,5000062703,0.0,0.0,0.0
2025,4295866480,0.0,0.0,0.0
2026,4295866448,0.0,0.0,0.0
2027,4295866353,0.0,0.0,0.0
2028,4295866494,0.0,0.0,0.0
2029,4295866391,0.0,0.0,0.0
2030,4295866538,0.0,0.0,0.0
2031,4295867343,0.0,0.0,0.0
2032,4295867366,0.0,0.0,0.0
2033,5001170594,0.0,0.0,0.0
2034,4295868215,0.0,0.0,0.0
2035,4295867483,0.0,0.0,0.0
2036,4295867387,0.0,0.0,0.0
2037,4295867424,0.0,0.0,0.0
2038,4295866862,0.0,0.0,0.0
2039,4295868312,0.0,0.0,0.0
2040,4295866846,0.0,0.0,0.0
2041,4295867170,0.0,0.0,0.0
2042,4295867538,0.0,0.0,0.0
2043,5000039357,0.0,0.0,0.0
2044,8589934326,0.0,0.0,0.0
2045,4295867385,0.0,0.0,0.0
2046,4295867565,0.0,0.0,0.0
2047,4295867361,0.0,0.0,0.0
2048,4295867266,0.0,0.0,0.0
2049,4295867687,0.0,0.0,0.0
2050,4295867394,0.0,0.0,0.0
2051,4295867411,0.0,0.0,0.0
2052,4295898044,0.0,0.0,0.0
2053,4295894958,0.0,0.0,0.0
2054,5000001291,0.0,0.0,0.0
2055,4295894777,0.0,0.0,0.0
2056,4295895428,0.0,0.0,0.0
2057,4295895205,0.0,0.0,0.0
2058,4295894647,0.0,0.0,0.0
2059,4295895043,0.0,0.0,0.0
2060,4295894068,0.0,0.0,0.0
2061,8589934227,0.0,0.0,0.0
2062,4295894786,0.0,0.0,0.0
2063,4295894191,0.0,0.0,0.0
2064,4295894740,0.0,0.0,0.0
2065,8589934254,0.0,0.0,0.0
2066,8589934333,0.0,0.0,0.0
2067,4298007752,0.0,0.0,0.0
2068,4295894507,0.0,0.0,0.0
2069,4295896494,0.0,0.0,0.0
2070,4295894756,0.0,0.0,0.0
2071,5000799571,0.0,0.0,0.0
2072,4295894468,0.0,0.0,0.0
2073,5057860440,0.0,0.0,0.0
2074,5066589306,0.0,0.0,0.0
2075,4295896661,0.0,0.0,0.0
2076,4295894667,0.0,0.0,0.0
2077,5080177560,0.0,0.0,0.0
2078,8589934212,0.0,0.0,0.0
2079,5031889023,0.0,0.0,0.0
2080,4295885039,0.0,0.0,0.0
2081,8589934340,0.0,0.0,0.0
2082,4295894930,0.0,0.0,0.0
2083,4295894789,0.0,0.0,0.0
2084,4295870355,0.0,0.0,0.0
2085,4295870779,0.0,0.0,0.0
2086,4298007700,0.0,0.0,0.0
2087,4295871375,0.0,0.0,0.0
2088,4295871008,0.0,0.0,0.0
2089,4298361589,0.0,0.0,0.0
2090,5000789191,0.0,0.0,0.0
2091,5000434294,0.0,0.0,0.0
2092,5037135721,0.0,0.0,0.0
2093,5000010848,0.0,0.0,0.0
2094,4295871585,0.0,0.0,0.0
2095,4295871011,0.0,0.0,0.0
2096,4295871540,0.0,0.0,0.0
2097,4295871290,0.0,0.0,0.0
2098,4295871569,0.0,0.0,0.0
2099,4295871575,0.0,0.0,0.0
2100,4295871292,0.0,0.0,0.0
2101,4295871577,0.0,0.0,0.0
2102,4295871583,0.0,0.0,0.0
2103,4295871207,0.0,0.0,0.0
2104,4295871943,0.0,0.0,0.0
2105,4295870829,0.0,0.0,0.0
2106,4295871570,0.0,0.0,0.0
2107,4295871393,0.0,0.0,0.0
2108,4295871115,0.0,0.0,0.0
2109,4295870876,0.0,0.0,0.0
2110,4295871335,0.0,0.0,0.0
2111,4295870934,0.0,0.0,0.0
2112,4295871002,0.0,0.0,0.0
2113,4298007846,0.0,0.0,0.0
2114,4295871573,0.0,0.0,0.0
2115,4295864421,0.0,0.0,0.0
2116,5000045377,0.0,0.0,0.0
2117,4295871425,0.0,0.0,0.0
2118,4295863654,0.0,0.0,0.0
2119,4295871156,0.0,0.0,0.0
2120,4295872011,0.0,0.0,0.0
2121,4295871412,0.0,0.0,0.0
2122,4295870962,0.0,0.0,0.0
2123,4295872013,0.0,0.0,0.0
2124,4295870821,0.0,0.0,0.0
2125,4295872095,0.0,0.0,0.0
2126,4295874393,0.0,0.0,0.0
2127,4295874382,0.0,0.0,0.0
2128,4295874417,0.0,0.0,0.0
2129,4295874376,0.0,0.0,0.0
2130,4295874391,0.0,0.0,0.0
2131,4298052285,0.0,0.0,0.0
2132,4295874540,0.0,0.0,0.0
2133,4295874361,0.0,0.0,0.0
2134,5061707753,0.0,0.0,0.0
2135,4295874867,0.0,0.0,0.0
2136,5083858869,0.0,0.0,0.0
2137,5066603776,0.0,0.0,0.0
2138,5037276891,0.0,0.0,0.0
2139,4295874940,0.0,0.0,0.0
2140,5043315501,0.0,0.0,0.0
2141,4295875095,0.0,0.0,0.0
2142,4295875035,0.0,0.0,0.0
2143,5000068620,0.0,0.0,0.0
2144,4295875158,0.0,0.0,0.0
2145,4295875283,0.0,0.0,0.0
2146,4295875063,0.0,0.0,0.0
2147,4295875096,0.0,0.0,0.0
2148,4295875072,0.0,0.0,0.0
2149,4295875266,0.0,0.0,0.0
2150,4295875182,0.0,0.0,0.0
2151,5000360582,0.0,0.0,0.0
2152,5040035809,0.0,0.0,0.0
2153,5043315742,0.0,0.0,0.0
2154,5067163385,0.0,0.0,0.0
2155,5001428097,0.0,0.0,0.0
2156,4295872696,0.0,0.0,0.0
2157,4295872979,0.0,0.0,0.0
2158,4295872413,0.0,0.0,0.0
2159,4295873317,0.0,0.0,0.0
2160,4295872412,0.0,0.0,0.0
2161,4295872888,0.0,0.0,0.0
2162,4295872490,0.0,0.0,0.0
2163,4295874202,0.0,0.0,0.0
2164,4295874015,0.0,0.0,0.0
2165,4295873304,0.0,0.0,0.0
2166,4295872504,0.0,0.0,0.0
2167,4295873147,0.0,0.0,0.0
2168,4295873202,0.0,0.0,0.0
2169,4295872425,0.0,0.0,0.0
2170,4295872601,0.0,0.0,0.0
2171,4295872982,0.0,0.0,0.0
2172,4295872684,0.0,0.0,0.0
2173,4295872661,0.0,0.0,0.0
2174,4295872983,0.0,0.0,0.0
2175,4295873910,0.0,0.0,0.0
2176,4295872565,0.0,0.0,0.0
2177,5000000025,0.0,0.0,0.0
2178,4295874173,0.0,0.0,0.0
2179,4295874065,0.0,0.0,0.0
2180,4295872161,0.0,0.0,0.0
2181,4297767900,0.0,0.0,0.0
2182,4295875735,0.0,0.0,0.0
2183,4295875633,0.018867924528301886,1.0,1.0
2184,4295875615,0.0,0.0,0.0
2185,4295875459,0.0,0.0,0.0
2186,4295875783,0.0,0.0,0.0
2187,4295875842,0.0,0.0,0.0
2188,5052544379,0.0,0.0,0.0
2189,5034844193,0.0,0.0,0.0
2190,5067504851,0.0,0.0,0.0
2191,5046661069,0.0,0.0,0.0
2192,4295877304,0.0,0.0,0.0
2193,5037947712,0.0,0.0,0.0
2194,5038042133,0.0,0.0,0.0
2195,4295880739,0.0,0.0,0.0
2196,4295877330,0.0,0.0,0.0
2197,4295877349,0.0,0.0,0.0
2198,4295876498,0.0,0.0,0.0
2199,4295877321,0.0,0.0,0.0
2200,4295880409,0.0,0.0,0.0
2201,4295878910,0.0,0.0,0.0
2202,4295878690,0.0,0.0,0.0
2203,4295876038,0.0,0.0,0.0
2204,4295877060,0.0,0.0,0.0
2205,5040225688,0.0,0.0,0.0
2206,4295877423,0.0,0.0,0.0
2207,4295880578,0.0,0.0,0.0
2208,4295876946,0.0,0.0,0.0
2209,4295876581,0.0,0.0,0.0
2210,4295877427,0.0,0.0,0.0
2211,4295879796,0.0,0.0,0.0
2212,4295876064,0.0,0.0,0.0
2213,4295876904,0.0,0.0,0.0
2214,4298077478,0.0,0.0,0.0
2215,4295877728,0.0,0.0,0.0
2216,4298359593,0.0,0.0,0.0
2217,4295879865,0.0,0.0,0.0
2218,4295880434,0.0,0.0,0.0
2219,4295880393,0.0,0.0,0.0
2220,4295878778,0.0,0.0,0.0
2221,4295877369,0.0,0.0,0.0
2222,5000002343,0.0,0.0,0.0
2223,4295877978,0.0,0.0,0.0
2224,4295877381,0.0,0.0,0.0
2225,4295880537,0.0,0.0,0.0
2226,4295877313,0.0,0.0,0.0
2227,4295880639,0.0,0.0,0.0
2228,4295877551,0.0,0.0,0.0
2229,4295880726,0.0,0.0,0.0
2230,5000472343,0.0,0.0,0.0
2231,4295877384,0.0,0.0,0.0
2232,4295877339,0.0,0.0,0.0
2233,4295877346,0.0,0.0,0.0
2234,5000002406,0.0,0.0,0.0
2235,4295877094,0.0,0.0,0.0
2236,4295878992,0.0,0.0,0.0
2237,4295877353,0.0,0.0,0.0
2238,4295880584,0.0,0.0,0.0
2239,4295880128,0.0,0.0,0.0
2240,4295877345,0.0,0.0,0.0
2241,4295878607,0.0,0.0,0.0
2242,4298076741,0.0,0.0,0.0
2243,4295877361,0.0,0.0,0.0
2244,4295878412,0.0,0.0,0.0
2245,4295877493,0.0,0.0,0.0
2246,4295880403,0.0,0.0,0.0
2247,4295880604,0.0,0.0,0.0
2248,4295877311,0.0,0.0,0.0
2249,4295877443,0.0,0.0,0.0
2250,4295877338,0.0,0.0,0.0
2251,4295876396,0.0,0.0,0.0
2252,4295876746,0.0,0.0,0.0
2253,4295877439,0.0,0.0,0.0
2254,4295877341,0.0,0.0,0.0
2255,4295877403,0.0,0.0,0.0
2256,5080520032,0.0,0.0,0.0
2257,4295880560,0.0,0.0,0.0
2258,4295880693,0.0,0.0,0.0
2259,4295877838,0.0,0.0,0.0
2260,4295879109,0.0,0.0,0.0
2261,4295880585,0.0,0.0,0.0
2262,4295875905,0.0,0.0,0.0
2263,4295878438,0.0,0.0,0.0
2264,4295875937,0.0,0.0,0.0
2265,4295880541,0.0,0.0,0.0
2266,5000059898,0.0,0.0,0.0
2267,4295877320,0.0,0.0,0.0
2268,4298179644,0.0,0.0,0.0
2269,4295877421,0.0,0.0,0.0
2270,4295880574,0.0,0.0,0.0
2271,4295876019,0.0,0.0,0.0
2272,4295877302,0.0,0.0,0.0
2273,4295877319,0.0,0.0,0.0
2274,4295880567,0.0,0.0,0.0
2275,4295878176,0.0,0.0,0.0
2276,4295880668,0.0,0.0,0.0
2277,4298102354,0.0,0.0,0.0
2278,4295878848,0.0,0.0,0.0
2279,4295880715,0.0,0.0,0.0
2280,4295877382,0.0,0.0,0.0
2281,4295878032,0.0,0.0,0.0
2282,4295880926,0.0,0.0,0.0
2283,4295881132,0.0,0.0,0.0
2284,4295881510,0.0,0.0,0.0
2285,4295881064,0.0,0.0,0.0
2286,4295881191,0.0,0.0,0.0
2287,4295881439,0.0,0.0,0.0
2288,4295881065,0.0,0.0,0.0
2289,4295882003,0.0,0.0,0.0
2290,4295881071,0.0,0.0,0.0
2291,4295881247,0.0,0.0,0.0
2292,4295882301,0.0,0.0,0.0
2293,4295881441,0.0,0.0,0.0
2294,4295881087,0.0,0.0,0.0
2295,4295881658,0.0,0.0,0.0
2296,4295881489,0.0,0.0,0.0
2297,4295881202,0.0,0.0,0.0
2298,4295881588,0.0,0.0,0.0
2299,4296737937,0.0,0.0,0.0
2300,4295881614,0.0,0.0,0.0
2301,4295882391,0.0,0.0,0.0
2302,4295882295,0.0,0.0,0.0
2303,4295881974,0.0,0.0,0.0
2304,4295882602,0.0,0.0,0.0
2305,5000049504,0.0,0.0,0.0
2306,4295882337,0.0,0.0,0.0
2307,5000072269,0.0,0.0,0.0
2308,4295882004,0.0,0.0,0.0
2309,4295881987,0.0,0.0,0.0
2310,4295882129,0.0,0.0,0.0
2311,5000043548,0.0,0.0,0.0
2312,4298008784,0.0,0.0,0.0
2313,5035149355,0.0,0.0,0.0
2314,5039681947,0.0,0.0,0.0
2315,5055456802,0.0,0.0,0.0
2316,5058998206,0.0,0.0,0.0
2317,5000848407,0.0,0.0,0.0
2318,5064623101,0.0,0.0,0.0
2319,5047751121,0.0,0.0,0.0
2320,5069469748,0.0,0.0,0.0
2321,5057940733,0.0,0.0,0.0
2322,5080177335,0.0,0.0,0.0
2323,4295882789,0.0,0.0,0.0
2324,4295882799,0.0,0.0,0.0
2325,4295882783,0.0,0.0,0.0
2326,4295882891,0.0,0.0,0.0
2327,4295882861,0.0,0.0,0.0
2328,4295882837,0.0,0.0,0.0
2329,4295882785,0.0,0.0,0.0
2330,5004716215,0.0,0.0,0.0
2331,5000066483,0.0,0.0,0.0
2332,5000431356,0.0,0.0,0.0
2333,5036161422,0.0,0.0,0.0
2334,4295864818,0.0,0.0,0.0
2335,5061697321,0.0,0.0,0.0
2336,4295864219,0.0,0.0,0.0
2337,5069399443,0.0,0.0,0.0
2338,4295871541,0.0,0.0,0.0
2339,4295871981,0.0,0.0,0.0
2340,4295863681,0.0,0.0,0.0
2341,4295871885,0.0,0.0,0.0
2342,4295871971,0.0,0.0,0.0
2343,5037028189,0.0,0.0,0.0
2344,5001437957,0.0,0.0,0.0
2345,5040759743,0.0,0.0,0.0
2346,5046043782,0.0,0.0,0.0
2347,5040698013,0.0,0.0,0.0
2348,5071523030,0.0,0.0,0.0
2349,5055735744,0.0,0.0,0.0
2350,5073078852,0.0,0.0,0.0
2351,5000756363,0.0,0.0,0.0
2352,4295871892,0.0,0.0,0.0
2353,5045492543,0.0,0.0,0.0
2354,5044365631,0.0,0.0,0.0
2355,4295864398,0.0,0.0,0.0
2356,5062592977,0.0,0.0,0.0
2357,5000506507,0.0,0.0,0.0
2358,4295865231,0.0,0.0,0.0
2359,4295871887,0.0,0.0,0.0
2360,4295870792,0.0,0.0,0.0
2361,5037960381,0.0,0.0,0.0
2362,5056391839,0.0,0.0,0.0
2363,4295871879,0.0,0.0,0.0
2364,4295871263,0.0,0.0,0.0
2365,5047817370,0.0,0.0,0.0
2366,5036393356,0.0,0.0,0.0
2367,4295864046,0.0,0.0,0.0
2368,5048228598,0.0,0.0,0.0
2369,5080147763,0.0,0.0,0.0
2370,4295864418,0.0,0.0,0.0
2371,5063770487,0.0,0.0,0.0
2372,4295871680,0.0,0.0,0.0
2373,5000683649,0.0,0.0,0.0
2374,5073342420,0.0,0.0,0.0
2375,5066579901,0.0,0.0,0.0
2376,5076941233,0.0,0.0,0.0
2377,5079900700,0.0,0.0,0.0
2378,5071163015,0.0,0.0,0.0
2379,5074237968,0.0,0.0,0.0
2380,5080184329,0.0,0.0,0.0
2381,4295871044,0.0,0.0,0.0
2382,4295871245,0.0,0.0,0.0
2383,4295865187,0.0,0.0,0.0
2384,4295865400,0.0,0.0,0.0
2385,5064650810,0.0,0.0,0.0
2386,5074561406,0.0,0.0,0.0
2387,5070506289,0.0,0.0,0.0
2388,5065366702,0.0,0.0,0.0
2389,4295871926,0.0,0.0,0.0
2390,5000484091,0.0,0.0,0.0
2391,5051769155,0.0,0.0,0.0
2392,5050303579,0.0,0.0,0.0
2393,5001160388,0.0,0.0,0.0
2394,4295863668,0.0,0.0,0.0
2395,5076943705,0.0,0.0,0.0
2396,4295864459,0.0,0.0,0.0
2397,4295865168,0.0,0.0,0.0
2398,5064707091,0.0,0.0,0.0
2399,5060615887,0.0,0.0,0.0
2400,5079208968,0.0,0.0,0.0
2401,5000496345,0.0,0.0,0.0
2402,5000578430,0.0,0.0,0.0
2403,4295865578,0.0,0.0,0.0
2404,4295871031,0.0,0.0,0.0
2405,5001157611,0.0,0.0,0.0
2406,5041064571,0.0,0.0,0.0
2407,5071395523,0.0,0.0,0.0
2408,4295864194,0.0,0.0,0.0
2409,4295865078,0.0,0.0,0.0
2410,5043316849,0.0,0.0,0.0
2411,5066592088,0.0,0.0,0.0
2412,4295863999,0.0,0.0,0.0
2413,4295871039,0.0,0.0,0.0
2414,5064607814,0.0,0.0,0.0
2415,5070519222,0.0,0.0,0.0
2416,4295865431,0.0,0.0,0.0
2417,4295865549,0.0,0.0,0.0
2418,4295864705,0.0,0.0,0.0
2419,4295865031,0.0,0.0,0.0
2420,4297222802,0.0,0.0,0.0
2421,5057798282,0.0,0.0,0.0
2422,5038044355,0.0,0.0,0.0
2423,5045916247,0.0,0.0,0.0
2424,4298008715,0.0,0.0,0.0
2425,4295870815,0.0,0.0,0.0
2426,5035171680,0.0,0.0,0.0
2427,5076359439,0.0,0.0,0.0
2428,5046663627,0.0,0.0,0.0
2429,5040952859,0.0,0.0,0.0
2430,5050707044,0.0,0.0,0.0
2431,5057819640,0.0,0.0,0.0
2432,5037082477,0.0,0.0,0.0
2433,4298128721,0.0,0.0,0.0
2434,5052135281,0.0,0.0,0.0
2435,5000030092,0.0,0.0,0.0
2436,5068332241,0.0,0.0,0.0
2437,5046440738,0.0,0.0,0.0
2438,5000057902,0.0,0.0,0.0
2439,4295884507,0.0,0.0,0.0
2440,4295884261,0.0,0.0,0.0
2441,4295884308,0.0,0.0,0.0
2442,4295884288,0.0,0.0,0.0
2443,4295883475,0.0,0.0,0.0
2444,4295883593,0.0,0.0,0.0
2445,4295883543,0.0,0.0,0.0
2446,5001150689,0.0,0.0,0.0
2447,4295883130,0.0,0.0,0.0
2448,4295883315,0.0,0.0,0.0
2449,4295883340,0.0,0.0,0.0
2450,4295884190,0.0,0.0,0.0
2451,4295883555,0.0,0.0,0.0
2452,4295883764,0.0,0.0,0.0
2453,4295884721,0.0,0.0,0.0
2454,4295884955,0.0,0.0,0.0
2455,4295884747,0.0,0.0,0.0
2456,5042958012,0.0,0.0,0.0
2457,5000737707,0.0,0.0,0.0
2458,5038049016,0.0,0.0,0.0
2459,5037450400,0.0,0.0,0.0
2460,4295884647,0.0,0.0,0.0
2461,5037143593,0.0,0.0,0.0
2462,5036761033,0.0,0.0,0.0
2463,5080075968,0.0,0.0,0.0
2464,5068933357,0.0,0.0,0.0
2465,5074857289,0.0,0.0,0.0
2466,4295885638,0.0,0.0,0.0
2467,4295885689,0.0,0.0,0.0
2468,4295885383,0.0,0.0,0.0
2469,5000013139,0.0,0.0,0.0
2470,4295885101,0.0,0.0,0.0
2471,4295903693,0.0,0.0,0.0
2472,4295886067,0.0,0.0,0.0
2473,4295886177,0.0,0.0,0.0
2474,4298008742,0.0,0.0,0.0
2475,4298240427,0.0,0.0,0.0
2476,4295886615,0.0,0.0,0.0
2477,4295886908,0.0,0.0,0.0
2478,4295886952,0.0,0.0,0.0
2479,4295886945,0.0,0.0,0.0
2480,4295886947,0.0,0.0,0.0
2481,5040255137,0.0,0.0,0.0
2482,4295887338,0.0,0.0,0.0
2483,4295887328,0.0,0.0,0.0
2484,4295887297,0.0,0.0,0.0
2485,4295887278,0.0,0.0,0.0
2486,4295887270,0.0,0.0,0.0
2487,4295887325,0.0,0.0,0.0
2488,4295887293,0.0,0.0,0.0
2489,4295887299,0.0,0.0,0.0
2490,4295887334,0.0,0.0,0.0
2491,4295887277,0.0,0.0,0.0
2492,4295887355,0.0,0.0,0.0
2493,4295887339,0.0,0.0,0.0
2494,4295887311,0.0,0.0,0.0
2495,4295887329,0.0,0.0,0.0
2496,4295887337,0.0,0.0,0.0
2497,4295887364,0.0,0.0,0.0
2498,4295887317,0.0,0.0,0.0
2499,4295887336,0.0,0.0,0.0
2500,4295887287,0.0,0.0,0.0
2501,4295887353,0.0,0.0,0.0
2502,4295887356,0.0,0.0,0.0
2503,4295887314,0.0,0.0,0.0
2504,4295887341,0.0,0.0,0.0
2505,4295887371,0.0,0.0,0.0
2506,4295887306,0.0,0.0,0.0
2507,4295887294,0.0,0.0,0.0
2508,4298007736,0.0,0.0,0.0
2509,4297876054,0.0,0.0,0.0
2510,4297918245,0.0,0.0,0.0
2511,4297987722,0.0,0.0,0.0
2512,5000432495,0.0,0.0,0.0
2513,5037928600,0.0,0.0,0.0
2514,4296453590,0.0,0.0,0.0
2515,4298459348,0.0,0.0,0.0
2516,5040438014,0.0,0.0,0.0
2517,5037818914,0.0,0.0,0.0
2518,5000073308,0.0,0.0,0.0
2519,5080055364,0.0,0.0,0.0
2520,5045517418,0.0,0.0,0.0
2521,5041757509,0.0,0.0,0.0
2522,5000052034,0.0,0.0,0.0
2523,4295890025,0.0,0.0,0.0
2524,4295890327,0.0,0.0,0.0
2525,4295889805,0.0,0.0,0.0
2526,4295889849,0.0,0.0,0.0
2527,4295889791,0.0,0.0,0.0
2528,4295887647,0.0,0.0,0.0
2529,4295887839,0.0,0.0,0.0
2530,4295887663,0.0,0.0,0.0
2531,5000050143,0.0,0.0,0.0
2532,4295892801,0.0,0.0,0.0
2533,4295892800,0.0,0.0,0.0
2534,4295893041,0.0,0.0,0.0
2535,4295892742,0.0,0.0,0.0
2536,4295893175,0.0,0.0,0.0
2537,4295893065,0.0,0.0,0.0
2538,4295892692,0.0,0.0,0.0
2539,4295892746,0.0,0.0,0.0
2540,4295892709,0.0,0.0,0.0
2541,4295892973,0.0,0.0,0.0
2542,4295892704,0.0,0.0,0.0
2543,4295892710,0.0,0.0,0.0
2544,4295892730,0.0,0.0,0.0
2545,4295892724,0.0,0.0,0.0
2546,4295892969,0.0,0.0,0.0
2547,4295892883,0.0,0.0,0.0
2548,4295892855,0.0,0.0,0.0
2549,4295892911,0.0,0.0,0.0
2550,4295892924,0.0,0.0,0.0
2551,4295893366,0.0,0.0,0.0
2552,4295893306,0.0,0.0,0.0
2553,4295893069,0.0,0.0,0.0
2554,4295893405,0.0,0.0,0.0
2555,4295893157,0.0,0.0,0.0
2556,4295893398,0.0,0.0,0.0
2557,4295893454,0.0,0.0,0.0
2558,5000045221,0.0,0.0,0.0
2559,5036162966,0.0,0.0,0.0
2560,4298077124,0.0,0.0,0.0
2561,5035305719,0.0,0.0,0.0
2562,5043334853,0.0,0.0,0.0
2563,5043334875,0.0,0.0,0.0
2564,5038911471,0.0,0.0,0.0
2565,5048739751,0.0,0.0,0.0
2566,5001110722,0.0,0.0,0.0
2567,5050699008,0.0,0.0,0.0
2568,5001110756,0.0,0.0,0.0
2569,5070506389,0.0,0.0,0.0
2570,5071514472,0.0,0.0,0.0
2571,5000011877,0.0,0.0,0.0
2572,5082464203,0.0,0.0,0.0
2573,5083862495,0.0,0.0,0.0
2574,4295893638,0.0,0.0,0.0
2575,4295893509,0.0,0.0,0.0
2576,4295893524,0.0,0.0,0.0
2577,4295893542,0.0,0.0,0.0
2578,4295893598,0.0,0.0,0.0
2579,4295893642,0.0,0.0,0.0
2580,4295893557,0.0,0.0,0.0
2581,4295893621,0.0,0.0,0.0
2582,4295893624,0.0,0.0,0.0
2583,4295893559,0.0,0.0,0.0
2584,4295893648,0.0,0.0,0.0
2585,4295893576,0.0,0.0,0.0
2586,4295893555,0.0,0.0,0.0
2587,4295893562,0.0,0.0,0.0
2588,4295893564,0.0,0.0,0.0
2589,4295893605,0.0,0.0,0.0
2590,4296199688,0.0,0.0,0.0
2591,4298248458,0.0,0.0,0.0
2592,4295892089,0.0,0.0,0.0
2593,4295891026,0.0,0.0,0.0
2594,4295892087,0.0,0.0,0.0
2595,4295891065,0.0,0.0,0.0
2596,4295891062,0.0,0.0,0.0
2597,4295891078,0.0,0.0,0.0
2598,4295892116,0.0,0.0,0.0
2599,4295890965,0.0,0.0,0.0
2600,4295891420,0.0,0.0,0.0
2601,5000464393,0.0,0.0,0.0
2602,4295892065,0.0,0.0,0.0
2603,4295891905,0.0,0.0,0.0
2604,5035468204,0.0,0.0,0.0
2605,4295891978,0.0,0.0,0.0
2606,5035251356,0.0,0.0,0.0
2607,4295891435,0.0,0.0,0.0
2608,4295903289,0.0,0.0,0.0
2609,4298036388,0.0,0.0,0.0
2610,4295901827,0.0,0.0,0.0
2611,4295903294,0.0,0.0,0.0
2612,4295903309,0.0,0.0,0.0
2613,5051045063,0.0,0.0,0.0
2614,4295903337,0.0,0.0,0.0
2615,4295911995,0.0,0.0,0.0
2616,4295903316,0.0,0.0,0.0
2617,4295916167,0.0,0.0,0.0
2618,4295903207,0.0,0.0,0.0
2619,4295903332,0.0,0.0,0.0
2620,4295903333,0.0,0.0,0.0
2621,4295903347,0.0,0.0,0.0
2622,4295903382,0.0,0.0,0.0
2623,4295903359,0.0,0.0,0.0
2624,4295905566,0.0,0.0,0.0
2625,5080022433,0.0,0.0,0.0
2626,4297038374,0.0,0.0,0.0
2627,4295903472,0.0,0.0,0.0
2628,4295903484,0.0,0.0,0.0
2629,5055424391,0.0,0.0,0.0
2630,4295903520,0.0,0.0,0.0
2631,4295903531,0.0,0.0,0.0
2632,4295903533,0.0,0.0,0.0
2633,4295908552,0.0,0.0,0.0
2634,4295912660,0.0,0.0,0.0
2635,4295908113,0.0,0.0,0.0
2636,5056728929,0.0,0.0,0.0
2637,4295903076,0.0,0.0,0.0
2638,4295905786,0.0,0.0,0.0
2639,4295903461,0.0,0.0,0.0
2640,4295903660,0.0,0.0,0.0
2641,4295899696,0.0,0.0,0.0
2642,4295912256,0.0,0.0,0.0
2643,5044099539,0.0,0.0,0.0
2644,4295912846,0.0,0.0,0.0
2645,4295903700,0.0,0.0,0.0
2646,4295903744,0.0,0.0,0.0
2647,5043986687,0.0,0.0,0.0
2648,8589934316,0.0,0.0,0.0
2649,4295903753,0.0,0.0,0.0
2650,5000589109,0.0,0.0,0.0
2651,4295884272,0.0,0.0,0.0
2652,4295905971,0.0,0.0,0.0
2653,5057764257,0.0,0.0,0.0
2654,4295903051,0.0,0.0,0.0
2655,4295903098,0.0,0.0,0.0
2656,4295908564,0.0,0.0,0.0
2657,5066581979,0.0,0.0,0.0
2658,5037134582,0.0,0.0,0.0
2659,4295903858,0.0,0.0,0.0
2660,5000047249,0.0,0.0,0.0
2661,5000626521,0.0,0.0,0.0
2662,4295903824,0.0,0.0,0.0
2663,4295903853,0.0,0.0,0.0
2664,4295906169,0.0,0.0,0.0
2665,4295912097,0.0,0.0,0.0
2666,4295902139,0.0,0.0,0.0
2667,5037314809,0.0,0.0,0.0
2668,5064610769,0.0,0.0,0.0
2669,4295903123,0.0,0.0,0.0
2670,4295906195,0.0,0.0,0.0
2671,5001437767,0.0,0.0,0.0
2672,5000296881,0.0,0.0,0.0
2673,5050895314,0.0,0.0,0.0
2674,4295912113,0.0,0.0,0.0
2675,4295903940,0.0,0.0,0.0
2676,4295903892,0.0,0.0,0.0
2677,4295903920,0.0,0.0,0.0
2678,5082090406,0.0,0.0,0.0
2679,4295900491,0.0,0.0,0.0
2680,4295904724,0.0,0.0,0.0
2681,4297595346,0.0,0.0,0.0
2682,5057833759,0.0,0.0,0.0
2683,4295903197,0.0,0.0,0.0
2684,4295902564,0.0,0.0,0.0
2685,4295912121,0.0,0.0,0.0
2686,4295903957,0.0,0.0,0.0
2687,4295899817,0.0,0.0,0.0
2688,4295903994,0.0,0.0,0.0
2689,4295910005,0.0,0.0,0.0
2690,4295903068,0.0,0.0,0.0
2691,5047750409,0.0,0.0,0.0
2692,4295908588,0.0,0.0,0.0
2693,5067491293,0.0,0.0,0.0
2694,5083504147,0.0,0.0,0.0
2695,5000469187,0.0,0.0,0.0
2696,4295903136,0.0,0.0,0.0
2697,4298546138,0.0,0.0,0.0
2698,5082447835,0.0,0.0,0.0
2699,5036381928,0.0,0.0,0.0
2700,4295904116,0.0,0.0,0.0
2701,4295904144,0.0,0.0,0.0
2702,4297525303,0.0,0.0,0.0
2703,4295903355,0.0,0.0,0.0
2704,4295912155,0.0,0.0,0.0
2705,4295904183,0.0,0.0,0.0
2706,4295906731,0.0,0.0,0.0
2707,5001210761,0.0,0.0,0.0
2708,4295904217,0.0,0.0,0.0
2709,4295900447,0.0,0.0,0.0
2710,5040060340,0.0,0.0,0.0
2711,4295906830,0.0,0.0,0.0
2712,5038915059,0.0,0.0,0.0
2713,4295903177,0.0,0.0,0.0
2714,4295913928,0.0,0.0,0.0
2715,5061450735,0.0,0.0,0.0
2716,5037929179,0.0,0.0,0.0
2717,5083440611,0.0,0.0,0.0
2718,4295884864,0.0,0.0,0.0
2719,4298010061,0.0,0.0,0.0
2720,4298464085,0.0,0.0,0.0
2721,5000803238,0.0,0.0,0.0
2722,5038908093,0.0,0.0,0.0
2723,4295903182,0.0,0.0,0.0
2724,5000100407,0.0,0.0,0.0
2725,5051774284,0.0,0.0,0.0
2726,4295908419,0.0,0.0,0.0
2727,4295903171,0.0,0.0,0.0
2728,5056412290,0.0,0.0,0.0
2729,4295900055,0.0,0.0,0.0
2730,4295856614,0.0,0.0,0.0
2731,4295904410,0.0,0.0,0.0
2732,5043335668,0.0,0.0,0.0
2733,5000069094,0.0,0.0,0.0
2734,4295902026,0.0,0.0,0.0
2735,5076109427,0.0,0.0,0.0
2736,4295905140,0.0,0.0,0.0
2737,5001438555,0.0,0.0,0.0
2738,4295904478,0.0,0.0,0.0
2739,5000111822,0.0,0.0,0.0
2740,4295899512,0.0,0.0,0.0
2741,4295904494,0.0,0.0,0.0
2742,4295856134,0.0,0.0,0.0
2743,4295903176,0.0,0.0,0.0
2744,4295904551,0.0,0.0,0.0
2745,4295902829,0.0,0.0,0.0
2746,5044505533,0.0,0.0,0.0
2747,8589934244,0.0,0.0,0.0
2748,5000274109,0.0,0.0,0.0
2749,4295904562,0.0,0.0,0.0
2750,4295904618,0.0,0.0,0.0
2751,4295911971,0.0,0.0,0.0
2752,4295904619,0.0,0.0,0.0
2753,5035414782,0.0,0.0,0.0
2754,4295907490,0.0,0.0,0.0
2755,4295904645,0.0,0.0,0.0
2756,4295904660,0.0,0.0,0.0
2757,4295907485,0.0,0.0,0.0
2758,5073113072,0.0,0.0,0.0
2759,4295912225,0.0,0.0,0.0
2760,4295907543,0.0,0.0,0.0
2761,5040945605,0.0,0.0,0.0
2762,5041065061,0.0,0.0,0.0
2763,4295912239,0.0,0.0,0.0
2764,4298015178,0.0,0.0,0.0
2765,5037128948,0.0,0.0,0.0
2766,5064623185,0.0,0.0,0.0
2767,5000007778,0.0,0.0,0.0
2768,4295869130,0.0,0.0,0.0
2769,4295903247,0.0,0.0,0.0
2770,4295904787,0.0,0.0,0.0
2771,4295905180,0.0,0.0,0.0
2772,4295903058,0.0,0.0,0.0
2773,4295904819,0.0,0.0,0.0
2774,5037344406,0.0,0.0,0.0
2775,4297288103,0.0,0.0,0.0
2776,5044250385,0.0,0.0,0.0
2777,4295901424,0.0,0.0,0.0
2778,4295904898,0.0,0.0,0.0
2779,4295904901,0.0,0.0,0.0
2780,4295908680,0.0,0.0,0.0
2781,5044027756,0.0,0.0,0.0
2782,4295863394,0.0,0.0,0.0
2783,4297906412,0.0,0.0,0.0
2784,4295904946,0.0,0.0,0.0
2785,4297157941,0.0,0.0,0.0
2786,4295915088,0.0,0.0,0.0
2787,5001181437,0.0,0.0,0.0
2788,5001158057,0.0,0.0,0.0
2789,4295912294,0.0,0.0,0.0
2790,4295905048,0.0,0.0,0.0
2791,4297089638,0.0,0.0,0.0
2792,4295905063,0.0,0.0,0.0
2793,5079228126,0.0,0.0,0.0
2794,4295905064,0.0,0.0,0.0
2795,5000684484,0.0,0.0,0.0
2796,5033074099,0.0,0.0,0.0
2797,4295905105,0.0,0.0,0.0
2798,4295913094,0.0,0.0,0.0
2799,4295904877,0.0,0.0,0.0
2800,4295903505,0.0,0.0,0.0
2801,4298095779,0.0,0.0,0.0
2802,4295912310,0.0,0.0,0.0
2803,5000054762,0.0,0.0,0.0
2804,4295905197,0.0,0.0,0.0
2805,4295905198,0.0,0.0,0.0
2806,4295908715,0.0,0.0,0.0
2807,5037318614,0.0,0.0,0.0
2808,4295907347,0.0,0.0,0.0
2809,4295905346,0.0,0.0,0.0
2810,5043951500,0.0,0.0,0.0
2811,4295908449,0.0,0.0,0.0
2812,4295900037,0.0,0.0,0.0
2813,4295905337,0.0,0.0,0.0
2814,4295905343,0.0,0.0,0.0
2815,4295906086,0.0,0.0,0.0
2816,5051778285,0.0,0.0,0.0
2817,4295908523,0.0,0.0,0.0
2818,4295903020,0.0,0.0,0.0
2819,5041798671,0.0,0.0,0.0
2820,4295889096,0.0,0.0,0.0
2821,4298016482,0.0,0.0,0.0
2822,4295888496,0.0,0.0,0.0
2823,4295889091,0.0,0.0,0.0
2824,4295888607,0.0,0.0,0.0
2825,4295888400,0.0,0.0,0.0
2826,4295888393,0.0,0.0,0.0
2827,4295888517,0.0,0.0,0.0
2828,5071525610,0.0,0.0,0.0
2829,5066538343,0.0,0.0,0.0
2830,5081150958,0.0,0.0,0.0
